Row Labels,Sum of individualCount,,,,shannon,simpson
Abaeis nicippe,1,1,609665,1.64025E-06,2.18492E-05,3.71691E+11
Abies concolor,2,2,609665,3.28049E-06,4.14244E-05,92922853056
Acanthocephala thomasi,6,6,609665,9.84147E-06,0.000113461,10324761451
Acarospora strigata,6,6,609665,9.84147E-06,0.000113461,10324761451
Accipiter cooperii,567,567,609665,0.000930019,0.006491816,1156155.925
Accipiter gentilis,6,6,609665,9.84147E-06,0.000113461,10324761451
Accipiter striatus,172,172,609665,0.000282122,0.002305832,12563933.62
Acer grandidentatum,7,7,609665,1.14817E-05,0.000130602,7585539025
Acer negundo,11,11,609665,1.80427E-05,0.000197076,3071829853
Achillea millefolium,5,5,609665,8.20123E-06,9.60464E-05,14867656489
Acmaeodera amabilis,1,1,609665,1.64025E-06,2.18492E-05,3.71691E+11
Acmaeodera bowditchi,1,1,609665,1.64025E-06,2.18492E-05,3.71691E+11
Acmaeodera decipiens,1,1,609665,1.64025E-06,2.18492E-05,3.71691E+11
Acmaeodera parkeri,1,1,609665,1.64025E-06,2.18492E-05,3.71691E+11
Acmispon brachycarpus,3,3,609665,4.92074E-06,6.01415E-05,41299045803
Acourtia wrightii,4,4,609665,6.56098E-06,7.83012E-05,23230713264
Actitis macularius,565,565,609665,0.000926738,0.006472192,1164355.587
Adiantum capillus-veneris,3,3,609665,4.92074E-06,6.01415E-05,41299045803
Aechmophorus clarkii,138,138,609665,0.000226354,0.001899881,19517507.47
Aechmophorus occidentalis,253,253,609665,0.000414982,0.003231579,5806861.726
Aeronautes saxatalis,8577,8577,609665,0.014068382,0.059985124,5052.562645
Agave americana,2,2,609665,3.28049E-06,4.14244E-05,92922853056
Agave parryi,9,9,609665,1.47622E-05,0.000164207,4588782867
Agave toumeyana,1,1,609665,1.64025E-06,2.18492E-05,3.71691E+11
Agelaius phoeniceus,26132,26132,609665,0.042862884,0.135007326,544.2986134
Agrocybe praecox,1,1,609665,1.64025E-06,2.18492E-05,3.71691E+11
Ailanthus altissima,4,4,609665,6.56098E-06,7.83012E-05,23230713264
Aimophila ruficeps,277,277,609665,0.000454348,0.003496955,4844210.302
Aix sponsa,5784,5784,609665,0.009487177,0.044189509,11110.30441
Alcea rosea,1,1,609665,1.64025E-06,2.18492E-05,3.71691E+11
Allionia incarnata,11,11,609665,1.80427E-05,0.000197076,3071829853
Allium macropetalum,1,1,609665,1.64025E-06,2.18492E-05,3.71691E+11
Alnus oblongifolia,2,2,609665,3.28049E-06,4.14244E-05,92922853056
Alopochen aegyptiaca,8,8,609665,1.3122E-05,0.000147507,5807678316
Ambrosia trifida,2,2,609665,3.28049E-06,4.14244E-05,92922853056
Ambystoma mavortium,1,1,609665,1.64025E-06,2.18492E-05,3.71691E+11
Amelanchier utahensis,2,2,609665,3.28049E-06,4.14244E-05,92922853056
Ammodramus savannarum,14,14,609665,2.29634E-05,0.000245286,1896384756
Amorpha fruticosa,3,3,609665,4.92074E-06,6.01415E-05,41299045803
Amphispiza bilineata,702,702,609665,0.001151452,0.007791567,754237.8151
Amsinckia menziesii,7,7,609665,1.14817E-05,0.000130602,7585539025
Anas acuta,1842,1842,609665,0.003021331,0.017529939,109547.7029
Anas americana,22821,22821,609665,0.037432032,0.122972778,713.6958724
Anas clypeata,16593,16593,609665,0.027216586,0.098086636,1349.996681
Anas crecca,5478,5478,609665,0.008985262,0.04234008,12386.21092
Anas cyanoptera,6225,6225,609665,0.010210525,0.046808481,9591.881737
Anas discors,169,169,609665,0.000277201,0.002270492,13013949.52
Anas penelope,4,4,609665,6.56098E-06,7.83012E-05,23230713264
Anas platyrhynchos,35044,35044,609665,0.057480748,0.164182559,302.6601087
Anas strepera,4836,4836,609665,0.007932225,0.038366758,15893.14855
Anatis lecontei,2,2,609665,3.28049E-06,4.14244E-05,92922853056
Anax junius,5,5,609665,8.20123E-06,9.60464E-05,14867656489
Anaxyrus punctatus,2,2,609665,3.28049E-06,4.14244E-05,92922853056
Anaxyrus woodhousii,2,2,609665,3.28049E-06,4.14244E-05,92922853056
Anemone tuberosa,10,10,609665,1.64025E-05,0.000180724,3716914122
Anemopsis californica,2,2,609665,3.28049E-06,4.14244E-05,92922853056
Anisacanthus thurberi,1,1,609665,1.64025E-06,2.18492E-05,3.71691E+11
Anser albifrons,13,13,609665,2.13232E-05,0.000229346,2199357469
Anser cygnoides,1,1,609665,1.64025E-06,2.18492E-05,3.71691E+11
Antennaria parvifolia,1,1,609665,1.64025E-06,2.18492E-05,3.71691E+11
Antheraea polyphemus,1,1,609665,1.64025E-06,2.18492E-05,3.71691E+11
Anthocharis thoosa,1,1,609665,1.64025E-06,2.18492E-05,3.71691E+11
Anthus rubescens,1073,1073,609665,0.001759983,0.011162606,322836.8366
Anticlea elegans,1,1,609665,1.64025E-06,2.18492E-05,3.71691E+11
Antilocapra americana,3,3,609665,4.92074E-06,6.01415E-05,41299045803
Antirrhinum antirrhiniflorum,3,3,609665,4.92074E-06,6.01415E-05,41299045803
Antrostomus arizonae,6,6,609665,9.84147E-06,0.000113461,10324761451
Antrozous pallidus,2,2,609665,3.28049E-06,4.14244E-05,92922853056
Aphaenogaster texana,2,2,609665,3.28049E-06,4.14244E-05,92922853056
Aphelocoma wollweberi,869,869,609665,0.001425373,0.009340928,492201.5467
Aphelocoma woodhouseii,4574,4574,609665,0.007502481,0.036706049,17766.02245
Aphonopelma chalcodes,8,8,609665,1.3122E-05,0.000147507,5807678316
Aphonopelma iodius,1,1,609665,1.64025E-06,2.18492E-05,3.71691E+11
Aphonopelma mareki,1,1,609665,1.64025E-06,2.18492E-05,3.71691E+11
Aphonopelma marxi,3,3,609665,4.92074E-06,6.01415E-05,41299045803
Aphyllon fasciculatum,1,1,609665,1.64025E-06,2.18492E-05,3.71691E+11
Apiomerus flaviventris,1,1,609665,1.64025E-06,2.18492E-05,3.71691E+11
Apis mellifera,5,5,609665,8.20123E-06,9.60464E-05,14867656489
Apocynum androsaemifolium,1,1,609665,1.64025E-06,2.18492E-05,3.71691E+11
Aquarius remigis,1,1,609665,1.64025E-06,2.18492E-05,3.71691E+11
Aquila chrysaetos,54,54,609665,8.85732E-05,0.000826537,127466190.7
Aquilegia chrysantha,16,16,609665,2.62439E-05,0.000276823,1451919579
Archilestes grandis,3,3,609665,4.92074E-06,6.01415E-05,41299045803
Archilochus alexandri,4084,4084,609665,0.006698761,0.033532876,22284.91902
Arctostaphylos pringlei,6,6,609665,9.84147E-06,0.000113461,10324761451
Arctostaphylos pungens,25,25,609665,4.10061E-05,0.000414235,594706259.6
Ardea alba,291,291,609665,0.000477311,0.003650163,4389312.977
Ardea herodias,4586,4586,609665,0.007522164,0.03678264,17673.16883
Argemone pleiacantha,4,4,609665,6.56098E-06,7.83012E-05,23230713264
Argia hinei,1,1,609665,1.64025E-06,2.18492E-05,3.71691E+11
Argia lugens,20,20,609665,3.28049E-05,0.000338708,929228530.6
Argia oenea,3,3,609665,4.92074E-06,6.01415E-05,41299045803
Argia plana,7,7,609665,1.14817E-05,0.000130602,7585539025
Argia sedula,1,1,609665,1.64025E-06,2.18492E-05,3.71691E+11
Argia tonto,1,1,609665,1.64025E-06,2.18492E-05,3.71691E+11
Argia translata,2,2,609665,3.28049E-06,4.14244E-05,92922853056
Arhaphe arguta,2,2,609665,3.28049E-06,4.14244E-05,92922853056
Aristida purpurea,1,1,609665,1.64025E-06,2.18492E-05,3.71691E+11
Arphia conspersa,2,2,609665,3.28049E-06,4.14244E-05,92922853056
Artemisia ludoviciana,1,1,609665,1.64025E-06,2.18492E-05,3.71691E+11
Artemisiospiza nevadensis,36,36,609665,5.90488E-05,0.000574967,286798929.2
Asclepias asperula,6,6,609665,9.84147E-06,0.000113461,10324761451
Asclepias subverticillata,3,3,609665,4.92074E-06,6.01415E-05,41299045803
Asclepias tuberosa,6,6,609665,9.84147E-06,0.000113461,10324761451
Aspidoscelis flagellicauda,7,7,609665,1.14817E-05,0.000130602,7585539025
Aspidoscelis sonorae,1,1,609665,1.64025E-06,2.18492E-05,3.71691E+11
Aspidoscelis tigris,1,1,609665,1.64025E-06,2.18492E-05,3.71691E+11
Aspidoscelis uniparens,1,1,609665,1.64025E-06,2.18492E-05,3.71691E+11
Asterocampa celtis,1,1,609665,1.64025E-06,2.18492E-05,3.71691E+11
Astragalus calycosus,2,2,609665,3.28049E-06,4.14244E-05,92922853056
Astragalus humistratus,1,1,609665,1.64025E-06,2.18492E-05,3.71691E+11
Astragalus lentiginosus,1,1,609665,1.64025E-06,2.18492E-05,3.71691E+11
Astragalus mollissimus,1,1,609665,1.64025E-06,2.18492E-05,3.71691E+11
Astragalus praelongus,1,1,609665,1.64025E-06,2.18492E-05,3.71691E+11
Astragalus recurvus,2,2,609665,3.28049E-06,4.14244E-05,92922853056
Astragalus tephrodes,2,2,609665,3.28049E-06,4.14244E-05,92922853056
Atrichoseris platyphylla,1,1,609665,1.64025E-06,2.18492E-05,3.71691E+11
Atriplex canescens,7,7,609665,1.14817E-05,0.000130602,7585539025
Auricularia angiospermarum,1,1,609665,1.64025E-06,2.18492E-05,3.71691E+11
Auriparus flaviceps,1631,1631,609665,0.00267524,0.015847361,139725.1566
Auriscalpium vulgare,1,1,609665,1.64025E-06,2.18492E-05,3.71691E+11
Autochton cellus,1,1,609665,1.64025E-06,2.18492E-05,3.71691E+11
Automeris cecrops,3,3,609665,4.92074E-06,6.01415E-05,41299045803
Avena fatua,4,4,609665,6.56098E-06,7.83012E-05,23230713264
Aythya affinis,1270,1270,609665,0.002083111,0.012860905,230449.1365
Aythya americana,3867,3867,609665,0.006342828,0.032097439,24856.16842
Aythya collaris,27779,27779,609665,0.045564367,0.140731439,481.6696824
Aythya marila,6,6,609665,9.84147E-06,0.000113461,10324761451
Aythya valisineria,4354,4354,609665,0.007141627,0.035292597,19606.75299
Baccharis sarothroides,2,2,609665,3.28049E-06,4.14244E-05,92922853056
Baeolophus ridgwayi,1268,1268,609665,0.002079831,0.01284393,231176.6787
Baeolophus wollweberi,3468,3468,609665,0.00568837,0.02940507,30904.687
Bagliettoa calciseda,1,1,609665,1.64025E-06,2.18492E-05,3.71691E+11
Bahiopsis parishii,1,1,609665,1.64025E-06,2.18492E-05,3.71691E+11
Baileya multiradiata,3,3,609665,4.92074E-06,6.01415E-05,41299045803
Bassia scoparia,3,3,609665,4.92074E-06,6.01415E-05,41299045803
Battus philenor,1,1,609665,1.64025E-06,2.18492E-05,3.71691E+11
Berberis fremontii,1,1,609665,1.64025E-06,2.18492E-05,3.71691E+11
Berberis haematocarpa,7,7,609665,1.14817E-05,0.000130602,7585539025
Berberis repens,4,4,609665,6.56098E-06,7.83012E-05,23230713264
Boerhavia coccinea,2,2,609665,3.28049E-06,4.14244E-05,92922853056
Boisea trivittata,1,1,609665,1.64025E-06,2.18492E-05,3.71691E+11
Bombus sonorus,2,2,609665,3.28049E-06,4.14244E-05,92922853056
Bombycilla cedrorum,1693,1693,609665,0.002776935,0.01634617,129678.6888
Bos taurus,1,1,609665,1.64025E-06,2.18492E-05,3.71691E+11
Botaurus lentiginosus,7,7,609665,1.14817E-05,0.000130602,7585539025
Bouteloua curtipendula,2,2,609665,3.28049E-06,4.14244E-05,92922853056
Bowlesia incana,1,1,609665,1.64025E-06,2.18492E-05,3.71691E+11
Branta canadensis,26003,26003,609665,0.042651292,0.134551934,549.7125031
Branta hutchinsii,16,16,609665,2.62439E-05,0.000276823,1451919579
Brassica tournefortii,1,1,609665,1.64025E-06,2.18492E-05,3.71691E+11
Brechmorhoga mendax,1,1,609665,1.64025E-06,2.18492E-05,3.71691E+11
Bromus arizonicus,1,1,609665,1.64025E-06,2.18492E-05,3.71691E+11
Bromus rubens,13,13,609665,2.13232E-05,0.000229346,2199357469
Bromus tectorum,1,1,609665,1.64025E-06,2.18492E-05,3.71691E+11
Bubo virginianus,166,166,609665,0.000272281,0.002235064,13488583.69
Bubulcus ibis,124,124,609665,0.00020339,0.001728896,24173478.94
Bucephala albeola,5448,5448,609665,0.008936055,0.042157279,12522.99852
Bucephala clangula,606,606,609665,0.000993989,0.006872223,1012132.286
Buellia arborea,1,1,609665,1.64025E-06,2.18492E-05,3.71691E+11
Buellia dispersa,4,4,609665,6.56098E-06,7.83012E-05,23230713264
Buellia erubescens,1,1,609665,1.64025E-06,2.18492E-05,3.71691E+11
Buellia sequax,2,2,609665,3.28049E-06,4.14244E-05,92922853056
Buteo albonotatus,142,142,609665,0.000232915,0.001948295,18433416.6
Buteo jamaicensis,1533,1533,609665,0.002514496,0.015050974,158160.5685
Buteo lagopus,22,22,609665,3.60854E-05,0.00036914,767957463.3
Buteo plagiatus,2,2,609665,3.28049E-06,4.14244E-05,92922853056
Buteo platypterus,9,9,609665,1.47622E-05,0.000164207,4588782867
Buteo regalis,32,32,609665,5.24878E-05,0.000517264,362979894.8
Buteo swainsoni,24,24,609665,3.93659E-05,0.000399273,645297590.7
Buteogallus anthracinus,1010,1010,609665,0.001656648,0.010607447,364367.623
Butorides virescens,49,49,609665,8.0372E-05,0.000757815,154806918.9
Caesalpinia gilliesii,3,3,609665,4.92074E-06,6.01415E-05,41299045803
Calamospiza melanocorys,29,29,609665,4.75671E-05,0.000473453,441963629.3
Calandrinia menziesii,1,1,609665,1.64025E-06,2.18492E-05,3.71691E+11
Calcarius ornatus,21,21,609665,3.44451E-05,0.000353963,842837669.4
Calidris alpina,9,9,609665,1.47622E-05,0.000164207,4588782867
Calidris bairdii,8,8,609665,1.3122E-05,0.000147507,5807678316
Calidris mauri,101,101,609665,0.000165665,0.001442202,36436762.3
Calidris melanotos,1,1,609665,1.64025E-06,2.18492E-05,3.71691E+11
Calidris minutilla,422,422,609665,0.000692183,0.005036091,2087169.045
Calidris pusilla,3,3,609665,4.92074E-06,6.01415E-05,41299045803
Calliandra eriophylla,1,1,609665,1.64025E-06,2.18492E-05,3.71691E+11
Callipepla gambelii,4337,4337,609665,0.007113743,0.035182628,19760.76178
Callophrys spinetorum,1,1,609665,1.64025E-06,2.18492E-05,3.71691E+11
Calochortus ambiguus,14,14,609665,2.29634E-05,0.000245286,1896384756
Calochortus flexuosus,12,12,609665,1.96829E-05,0.00021328,2581190363
Calochortus gunnisonii,1,1,609665,1.64025E-06,2.18492E-05,3.71691E+11
Calochortus kennedyi,4,4,609665,6.56098E-06,7.83012E-05,23230713264
Caloplaca crenulatella,1,1,609665,1.64025E-06,2.18492E-05,3.71691E+11
Caloplaca flavovirescens,3,3,609665,4.92074E-06,6.01415E-05,41299045803
Caloplaca irrubescens,2,2,609665,3.28049E-06,4.14244E-05,92922853056
Caloplaca microphyllina,1,1,609665,1.64025E-06,2.18492E-05,3.71691E+11
Caloscypha fulgens,1,1,609665,1.64025E-06,2.18492E-05,3.71691E+11
Calycoseris parryi,3,3,609665,4.92074E-06,6.01415E-05,41299045803
Calypte anna,5199,5199,609665,0.008527634,0.040629429,13751.27262
Calypte costae,19,19,609665,3.11647E-05,0.000323372,1029616100
Camponotus sayi,2,2,609665,3.28049E-06,4.14244E-05,92922853056
Campylorhynchus brunneicapillus,157,157,609665,0.000257518,0.002128241,15079370.86
Candelaria concolor,4,4,609665,6.56098E-06,7.83012E-05,23230713264
Candelariella antennaria,1,1,609665,1.64025E-06,2.18492E-05,3.71691E+11
Candelariella aurella,3,3,609665,4.92074E-06,6.01415E-05,41299045803
Candelariella rosulans,1,1,609665,1.64025E-06,2.18492E-05,3.71691E+11
Canis latrans,1,1,609665,1.64025E-06,2.18492E-05,3.71691E+11
Canotia holacantha,15,15,609665,2.46037E-05,0.000261109,1651961832
Cardellina pusilla,286,286,609665,0.00046911,0.003595575,4544127.002
Cardellina rubrifrons,409,409,609665,0.00067086,0.004901942,2221958.335
Cardinalis cardinalis,3229,3229,609665,0.005296351,0.027756785,35648.9249
Cardinalis sinuatus,1,1,609665,1.64025E-06,2.18492E-05,3.71691E+11
Castilleja angustifolia,12,12,609665,1.96829E-05,0.00021328,2581190363
Castilleja applegatei,2,2,609665,3.28049E-06,4.14244E-05,92922853056
Castilleja exserta,22,22,609665,3.60854E-05,0.00036914,767957463.3
Castilleja integra,7,7,609665,1.14817E-05,0.000130602,7585539025
Castilleja linariifolia,1,1,609665,1.64025E-06,2.18492E-05,3.71691E+11
Castor canadensis,1,1,609665,1.64025E-06,2.18492E-05,3.71691E+11
Cathartes aura,4621,4621,609665,0.007579572,0.037005735,17406.46535
Catharus guttatus,703,703,609665,0.001153092,0.007801024,752093.5722
Catharus ustulatus,1,1,609665,1.64025E-06,2.18492E-05,3.71691E+11
Catherpes mexicanus,765,765,609665,0.001254787,0.00838297,635125.6563
Catoptrophorus semipalmatus,183,183,609665,0.000300165,0.002434691,11098910.45
Caulanthus lasiophyllus,1,1,609665,1.64025E-06,2.18492E-05,3.71691E+11
Ceanothus fendleri,8,8,609665,1.3122E-05,0.000147507,5807678316
Ceanothus integerrimus,1,1,609665,1.64025E-06,2.18492E-05,3.71691E+11
Celastrina ladon,6,6,609665,9.84147E-06,0.000113461,10324761451
Centranthus ruber,1,1,609665,1.64025E-06,2.18492E-05,3.71691E+11
Centruroides sculpturatus,2,2,609665,3.28049E-06,4.14244E-05,92922853056
Cercidium microphyllum,1,1,609665,1.64025E-06,2.18492E-05,3.71691E+11
Cercocarpus montanus,3,3,609665,4.92074E-06,6.01415E-05,41299045803
Certhia americana,357,357,609665,0.000585567,0.004358337,2916393.32
Cervus elaphus,6,6,609665,9.84147E-06,0.000113461,10324761451
Chaenactis stevioides,1,1,609665,1.64025E-06,2.18492E-05,3.71691E+11
Chaetopappa ericoides,2,2,609665,3.28049E-06,4.14244E-05,92922853056
Chalcophora angulicollis,1,1,609665,1.64025E-06,2.18492E-05,3.71691E+11
Chamaebatiaria millefolium,1,1,609665,1.64025E-06,2.18492E-05,3.71691E+11
Charadrius semipalmatus,20,20,609665,3.28049E-05,0.000338708,929228530.6
Charadrius vociferus,2915,2915,609665,0.004781314,0.025546753,43742.68214
Chauliognathus lecontei,1,1,609665,1.64025E-06,2.18492E-05,3.71691E+11
Chen caerulescens,19,19,609665,3.11647E-05,0.000323372,1029616100
Chenopodium album,1,1,609665,1.64025E-06,2.18492E-05,3.71691E+11
Chenopodium fremontii,1,1,609665,1.64025E-06,2.18492E-05,3.71691E+11
Chilopsis linearis,8,8,609665,1.3122E-05,0.000147507,5807678316
Chlidonias niger,6,6,609665,9.84147E-06,0.000113461,10324761451
Chlorochroa sayi,2,2,609665,3.28049E-06,4.14244E-05,92922853056
Chondestes grammacus,566,566,609665,0.000928379,0.006482006,1160244.891
Chordeiles acutipennis,16,16,609665,2.62439E-05,0.000276823,1451919579
Chordeiles minor,115,115,609665,0.000188628,0.001617625,28105210.75
Chorispora tenella,3,3,609665,4.92074E-06,6.01415E-05,41299045803
Chroicocephalus philadelphia,9,9,609665,1.47622E-05,0.000164207,4588782867
Chrysina gloriosa,2,2,609665,3.28049E-06,4.14244E-05,92922853056
Chrysina lecontei,2,2,609665,3.28049E-06,4.14244E-05,92922853056
Cichorium intybus,2,2,609665,3.28049E-06,4.14244E-05,92922853056
Cinclus mexicanus,32,32,609665,5.24878E-05,0.000517264,362979894.8
Circinaria arida,1,1,609665,1.64025E-06,2.18492E-05,3.71691E+11
Circus hudsonius,258,258,609665,0.000423183,0.003287163,5583970.498
Cirsium arizonicum,5,5,609665,8.20123E-06,9.60464E-05,14867656489
Cirsium neomexicanum,4,4,609665,6.56098E-06,7.83012E-05,23230713264
Cirsium vulgare,3,3,609665,4.92074E-06,6.01415E-05,41299045803
Cistothorus palustris,335,335,609665,0.000549482,0.004124706,3312019.712
Cladonia cariosa,2,2,609665,3.28049E-06,4.14244E-05,92922853056
Cladonia chlorophaea,1,1,609665,1.64025E-06,2.18492E-05,3.71691E+11
Cladonia coccifera,1,1,609665,1.64025E-06,2.18492E-05,3.71691E+11
Cladonia pyxidata,8,8,609665,1.3122E-05,0.000147507,5807678316
Clavascidium lacinulatum,3,3,609665,4.92074E-06,6.01415E-05,41299045803
Claytonia parviflora,3,3,609665,4.92074E-06,6.01415E-05,41299045803
Claytonia perfoliata,7,7,609665,1.14817E-05,0.000130602,7585539025
Claytonia rosea,3,3,609665,4.92074E-06,6.01415E-05,41299045803
Cleomella jonesii,3,3,609665,4.92074E-06,6.01415E-05,41299045803
Coccinella septempunctata,1,1,609665,1.64025E-06,2.18492E-05,3.71691E+11
Coccyzus americanus,50,50,609665,8.20123E-05,0.000771624,148676564.9
Colaptes auratus,2986,2986,609665,0.004897772,0.026051125,41687.21866
Colaptes chrysoides,11,11,609665,1.80427E-05,0.000197076,3071829853
Colias eurytheme,1,1,609665,1.64025E-06,2.18492E-05,3.71691E+11
Collema coccophorum,9,9,609665,1.47622E-05,0.000164207,4588782867
Collinsia parviflora,3,3,609665,4.92074E-06,6.01415E-05,41299045803
Colonus hesperus,1,1,609665,1.64025E-06,2.18492E-05,3.71691E+11
Coluber taeniatus,4,4,609665,6.56098E-06,7.83012E-05,23230713264
Columba livia,532,532,609665,0.00087261,0.006146686,1313285.842
Columbina inca,204,204,609665,0.00033461,0.002677731,8931454.542
Columbina passerina,1,1,609665,1.64025E-06,2.18492E-05,3.71691E+11
Columbina talpacoti,13,13,609665,2.13232E-05,0.000229346,2199357469
Comandra umbellata,3,3,609665,4.92074E-06,6.01415E-05,41299045803
Conopholis alpina,2,2,609665,3.28049E-06,4.14244E-05,92922853056
Contopus cooperi,30,30,609665,4.92074E-05,0.000488111,412990458
Contopus pertinax,39,39,609665,6.39696E-05,0.000617761,244373052.1
Contopus sordidulus,774,774,609665,0.00126955,0.008466745,620441.1664
Cophosaurus texanus,21,21,609665,3.44451E-05,0.000353963,842837669.4
Coprinellus bipellis,1,1,609665,1.64025E-06,2.18492E-05,3.71691E+11
Corallorhiza wisteriana,1,1,609665,1.64025E-06,2.18492E-05,3.71691E+11
Corbicula fluminea,1,1,609665,1.64025E-06,2.18492E-05,3.71691E+11
Cordulegaster diadema,2,2,609665,3.28049E-06,4.14244E-05,92922853056
Cordylanthus laxiflorus,1,1,609665,1.64025E-06,2.18492E-05,3.71691E+11
Cordylanthus parviflorus,2,2,609665,3.28049E-06,4.14244E-05,92922853056
Cordylanthus wrightii,2,2,609665,3.28049E-06,4.14244E-05,92922853056
Coreopsis tinctoria,2,2,609665,3.28049E-06,4.14244E-05,92922853056
Cornus sericea,1,1,609665,1.64025E-06,2.18492E-05,3.71691E+11
Corvus brachyrhynchos,2419,2419,609665,0.003967753,0.021939909,63520.04401
Corvus corax,10401,10401,609665,0.017060189,0.069452159,3435.835276
Corydalis aurea,9,9,609665,1.47622E-05,0.000164207,4588782867
Cotinis mutabilis,2,2,609665,3.28049E-06,4.14244E-05,92922853056
Cottsia gracilis,1,1,609665,1.64025E-06,2.18492E-05,3.71691E+11
Crematogaster emeryana,4,4,609665,6.56098E-06,7.83012E-05,23230713264
Crossosoma bigelovii,1,1,609665,1.64025E-06,2.18492E-05,3.71691E+11
Crotalus cerberus,3,3,609665,4.92074E-06,6.01415E-05,41299045803
Crotalus molossus,5,5,609665,8.20123E-06,9.60464E-05,14867656489
Crotalus scutulatus,1,1,609665,1.64025E-06,2.18492E-05,3.71691E+11
Crotaphytus collaris,5,5,609665,8.20123E-06,9.60464E-05,14867656489
Croton californicus,1,1,609665,1.64025E-06,2.18492E-05,3.71691E+11
Cryptantha barbigera,1,1,609665,1.64025E-06,2.18492E-05,3.71691E+11
Cryptantha maritima,3,3,609665,4.92074E-06,6.01415E-05,41299045803
Cryptantha muricata,7,7,609665,1.14817E-05,0.000130602,7585539025
Cryptoporus volvatus,1,1,609665,1.64025E-06,2.18492E-05,3.71691E+11
Cucurbita foetidissima,2,2,609665,3.28049E-06,4.14244E-05,92922853056
Cupressus arizonica,19,19,609665,3.11647E-05,0.000323372,1029616100
Cyanocitta stelleri,2238,2238,609665,0.003670868,0.02058376,74209.98822
Cygnus buccinator,1,1,609665,1.64025E-06,2.18492E-05,3.71691E+11
Cygnus olor,8,8,609665,1.3122E-05,0.000147507,5807678316
Cylindropuntia acanthocarpa,2,2,609665,3.28049E-06,4.14244E-05,92922853056
Cylindropuntia arbuscula,1,1,609665,1.64025E-06,2.18492E-05,3.71691E+11
Cylindropuntia bigelovii,1,1,609665,1.64025E-06,2.18492E-05,3.71691E+11
Cylindropuntia imbricata,14,14,609665,2.29634E-05,0.000245286,1896384756
Cylindropuntia leptocaulis,6,6,609665,9.84147E-06,0.000113461,10324761451
Cylindropuntia whipplei,8,8,609665,1.3122E-05,0.000147507,5807678316
Cymopterus lemmonii,2,2,609665,3.28049E-06,4.14244E-05,92922853056
Cynanthus latirostris,2,2,609665,3.28049E-06,4.14244E-05,92922853056
Cyperus eragrostis,1,1,609665,1.64025E-06,2.18492E-05,3.71691E+11
Cyphelium tigillare,1,1,609665,1.64025E-06,2.18492E-05,3.71691E+11
Cystodermella cinnabarina,1,1,609665,1.64025E-06,2.18492E-05,3.71691E+11
Dalea formosa,15,15,609665,2.46037E-05,0.000261109,1651961832
Dalea nana,1,1,609665,1.64025E-06,2.18492E-05,3.71691E+11
Danaus gilippus,7,7,609665,1.14817E-05,0.000130602,7585539025
Danaus plexippus,1,1,609665,1.64025E-06,2.18492E-05,3.71691E+11
Dasymutilla magnifica,2,2,609665,3.28049E-06,4.14244E-05,92922853056
Dasymutilla vestita,2,2,609665,3.28049E-06,4.14244E-05,92922853056
Datura wrightii,6,6,609665,9.84147E-06,0.000113461,10324761451
Daucus pusillus,10,10,609665,1.64025E-05,0.000180724,3716914122
Deconica coprophila,1,1,609665,1.64025E-06,2.18492E-05,3.71691E+11
Delphinium parishii,3,3,609665,4.92074E-06,6.01415E-05,41299045803
Delphinium scaposum,2,2,609665,3.28049E-06,4.14244E-05,92922853056
Dendragapus obscurus,1,1,609665,1.64025E-06,2.18492E-05,3.71691E+11
Dendrocopos pubescens,55,55,609665,9.02135E-05,0.000840188,122873194.1
Dermatocarpon americanum,3,3,609665,4.92074E-06,6.01415E-05,41299045803
Dermatocarpon leptophyllodes,2,2,609665,3.28049E-06,4.14244E-05,92922853056
Dermatocarpon moulinsii,1,1,609665,1.64025E-06,2.18492E-05,3.71691E+11
Dermatocarpon taminium,1,1,609665,1.64025E-06,2.18492E-05,3.71691E+11
Descurainia pinnata,4,4,609665,6.56098E-06,7.83012E-05,23230713264
Dichelostemma capitatum,18,18,609665,2.95244E-05,0.000307948,1147195717
Dieteria canescens,3,3,609665,4.92074E-06,6.01415E-05,41299045803
Diploschistes arabiensis,2,2,609665,3.28049E-06,4.14244E-05,92922853056
Diploschistes diacapsis,3,3,609665,4.92074E-06,6.01415E-05,41299045803
Diploschistes muscorum,4,4,609665,6.56098E-06,7.83012E-05,23230713264
Diploschistes scruposus,6,6,609665,9.84147E-06,0.000113461,10324761451
Diplotomma venustum,2,2,609665,3.28049E-06,4.14244E-05,92922853056
Dissosteira carolina,2,2,609665,3.28049E-06,4.14244E-05,92922853056
Dodonaea viscosa,1,1,609665,1.64025E-06,2.18492E-05,3.71691E+11
Dolomedes gertschi,2,2,609665,3.28049E-06,4.14244E-05,92922853056
Dolomedes triton,1,1,609665,1.64025E-06,2.18492E-05,3.71691E+11
Draba cuneifolia,7,7,609665,1.14817E-05,0.000130602,7585539025
Drymaria glandulosa,1,1,609665,1.64025E-06,2.18492E-05,3.71691E+11
Dryobates scalaris,2324,2324,609665,0.00381193,0.021230998,68819.30455
Dudleya collomiae,1,1,609665,1.64025E-06,2.18492E-05,3.71691E+11
Dumetella carolinensis,1,1,609665,1.64025E-06,2.18492E-05,3.71691E+11
Dynastes grantii,13,13,609665,2.13232E-05,0.000229346,2199357469
Echinargus isola,4,4,609665,6.56098E-06,7.83012E-05,23230713264
Echinocereus bonkerae,2,2,609665,3.28049E-06,4.14244E-05,92922853056
Echinocereus engelmannii,1,1,609665,1.64025E-06,2.18492E-05,3.71691E+11
Echinocereus fasciculatus,33,33,609665,5.41281E-05,0.000531763,341314428.1
Echinocereus triglochidiatus,1,1,609665,1.64025E-06,2.18492E-05,3.71691E+11
Echinocereus yavapaiensis,2,2,609665,3.28049E-06,4.14244E-05,92922853056
Egretta thula,70,70,609665,0.000114817,0.001041641,75855390.25
Elaeagnus angustifolia,1,1,609665,1.64025E-06,2.18492E-05,3.71691E+11
Eleodes obscura,6,6,609665,9.84147E-06,0.000113461,10324761451
Elgaria kingii,8,8,609665,1.3122E-05,0.000147507,5807678316
Elymus elymoides,1,1,609665,1.64025E-06,2.18492E-05,3.71691E+11
Elymus glaucus,1,1,609665,1.64025E-06,2.18492E-05,3.71691E+11
Emesis zela,1,1,609665,1.64025E-06,2.18492E-05,3.71691E+11
Emmenanthe penduliflora,1,1,609665,1.64025E-06,2.18492E-05,3.71691E+11
Empidonax difficilis,3,3,609665,4.92074E-06,6.01415E-05,41299045803
Empidonax hammondii,62,62,609665,0.000101695,0.000934938,96693915.77
Empidonax oberholseri,43,43,609665,7.05305E-05,0.000674234,201022937.9
Empidonax occidentalis,355,355,609665,0.000582287,0.004337192,2949346.655
Empidonax traillii,24,24,609665,3.93659E-05,0.000399273,645297590.7
Empidonax wrightii,131,131,609665,0.000214872,0.001814695,21659076.52
Enallagma civile,2,2,609665,3.28049E-06,4.14244E-05,92922853056
Enallagma praevarum,1,1,609665,1.64025E-06,2.18492E-05,3.71691E+11
Enaphalodes hispicornis,1,1,609665,1.64025E-06,2.18492E-05,3.71691E+11
Encelia farinosa,3,3,609665,4.92074E-06,6.01415E-05,41299045803
Endocarpon pusillum,1,1,609665,1.64025E-06,2.18492E-05,3.71691E+11
Endotropis crocea,10,10,609665,1.64025E-05,0.000180724,3716914122
Ensatina eschscholtzii,1,1,609665,1.64025E-06,2.18492E-05,3.71691E+11
Epargyreus clarus,3,3,609665,4.92074E-06,6.01415E-05,41299045803
Ephedra fasciculata,1,1,609665,1.64025E-06,2.18492E-05,3.71691E+11
Ephedra viridis,5,5,609665,8.20123E-06,9.60464E-05,14867656489
Epilobium canum,2,2,609665,3.28049E-06,4.14244E-05,92922853056
Epipactis gigantea,3,3,609665,4.92074E-06,6.01415E-05,41299045803
Equisetum hyemale,3,3,609665,4.92074E-06,6.01415E-05,41299045803
Equisetum laevigatum,1,1,609665,1.64025E-06,2.18492E-05,3.71691E+11
Eragrostis lehmanniana,1,1,609665,1.64025E-06,2.18492E-05,3.71691E+11
Eremophila alpestris,709,709,609665,0.001162934,0.007857722,739418.0648
Eremothera chamaenerioides,1,1,609665,1.64025E-06,2.18492E-05,3.71691E+11
Eresia aveyrana,2,2,609665,3.28049E-06,4.14244E-05,92922853056
Eriastrum diffusum,2,2,609665,3.28049E-06,4.14244E-05,92922853056
Eriastrum eremicum,7,7,609665,1.14817E-05,0.000130602,7585539025
Ericameria laricifolia,2,2,609665,3.28049E-06,4.14244E-05,92922853056
Ericameria linearifolia,1,1,609665,1.64025E-06,2.18492E-05,3.71691E+11
Ericameria nauseosa,1,1,609665,1.64025E-06,2.18492E-05,3.71691E+11
Erigeron canadensis,2,2,609665,3.28049E-06,4.14244E-05,92922853056
Erigeron concinnus,1,1,609665,1.64025E-06,2.18492E-05,3.71691E+11
Erigeron divergens,4,4,609665,6.56098E-06,7.83012E-05,23230713264
Erigeron speciosus,2,2,609665,3.28049E-06,4.14244E-05,92922853056
Eriocoma hymenoides,1,1,609665,1.64025E-06,2.18492E-05,3.71691E+11
Eriodictyon angustifolium,4,4,609665,6.56098E-06,7.83012E-05,23230713264
Eriogonum alatum,1,1,609665,1.64025E-06,2.18492E-05,3.71691E+11
Eriogonum deflexum,1,1,609665,1.64025E-06,2.18492E-05,3.71691E+11
Eriogonum fasciculatum,5,5,609665,8.20123E-06,9.60464E-05,14867656489
Eriogonum inflatum,1,1,609665,1.64025E-06,2.18492E-05,3.71691E+11
Eriogonum racemosum,1,1,609665,1.64025E-06,2.18492E-05,3.71691E+11
Eriogonum trichopes,1,1,609665,1.64025E-06,2.18492E-05,3.71691E+11
Eriogonum wrightii,4,4,609665,6.56098E-06,7.83012E-05,23230713264
Eriophyllum lanosum,1,1,609665,1.64025E-06,2.18492E-05,3.71691E+11
Erodium cicutarium,12,12,609665,1.96829E-05,0.00021328,2581190363
Erodium texanum,4,4,609665,6.56098E-06,7.83012E-05,23230713264
Erpetogomphus compositus,1,1,609665,1.64025E-06,2.18492E-05,3.71691E+11
Erysimum capitatum,9,9,609665,1.47622E-05,0.000164207,4588782867
Erythemis collocata,1,1,609665,1.64025E-06,2.18492E-05,3.71691E+11
Erythranthe guttata,7,7,609665,1.14817E-05,0.000130602,7585539025
Erythranthe verbenacea,3,3,609665,4.92074E-06,6.01415E-05,41299045803
Eschscholzia californica,12,12,609665,1.96829E-05,0.00021328,2581190363
Escobaria vivipara,11,11,609665,1.80427E-05,0.000197076,3071829853
Eucrypta micrantha,7,7,609665,1.14817E-05,0.000130602,7585539025
Eucyclopera arida,1,1,609665,1.64025E-06,2.18492E-05,3.71691E+11
Eugenes fulgens,55,55,609665,9.02135E-05,0.000840188,122873194.1
Eumorpha achemon,1,1,609665,1.64025E-06,2.18492E-05,3.71691E+11
Euodynerus crypticus,2,2,609665,3.28049E-06,4.14244E-05,92922853056
Euphagus cyanocephalus,3891,3891,609665,0.006382193,0.03225716,24550.48439
Euphorbia albomarginata,3,3,609665,4.92074E-06,6.01415E-05,41299045803
Euphorbia capitellata,1,1,609665,1.64025E-06,2.18492E-05,3.71691E+11
Euphorbia fendleri,1,1,609665,1.64025E-06,2.18492E-05,3.71691E+11
Euphorbia hyssopifolia,1,1,609665,1.64025E-06,2.18492E-05,3.71691E+11
Euphorbia spathulata,1,1,609665,1.64025E-06,2.18492E-05,3.71691E+11
Euptoieta claudia,6,6,609665,9.84147E-06,0.000113461,10324761451
Euptychia rubricata,1,1,609665,1.64025E-06,2.18492E-05,3.71691E+11
Everes amyntula,1,1,609665,1.64025E-06,2.18492E-05,3.71691E+11
Falco columbarius,43,43,609665,7.05305E-05,0.000674234,201022937.9
Falco mexicanus,23,23,609665,3.77256E-05,0.000384242,702630268.9
Falco peregrinus,141,141,609665,0.000231275,0.001936209,18695810.68
Falco sparverius,335,335,609665,0.000549482,0.004124706,3312019.712
Fendlera rupicola,2,2,609665,3.28049E-06,4.14244E-05,92922853056
Flatormenis saucia,1,1,609665,1.64025E-06,2.18492E-05,3.71691E+11
Flavoplaca citrina,1,1,609665,1.64025E-06,2.18492E-05,3.71691E+11
Flavopunctelia praesignis,2,2,609665,3.28049E-06,4.14244E-05,92922853056
Flavopunctelia soredica,4,4,609665,6.56098E-06,7.83012E-05,23230713264
Forestiera pubescens,2,2,609665,3.28049E-06,4.14244E-05,92922853056
Forsebia cinis,1,1,609665,1.64025E-06,2.18492E-05,3.71691E+11
Fouquieria splendens,16,16,609665,2.62439E-05,0.000276823,1451919579
Fragaria virginiana,1,1,609665,1.64025E-06,2.18492E-05,3.71691E+11
Frangula californica,6,6,609665,9.84147E-06,0.000113461,10324761451
Frasera speciosa,5,5,609665,8.20123E-06,9.60464E-05,14867656489
Fraxinus cuspidata,1,1,609665,1.64025E-06,2.18492E-05,3.71691E+11
Fraxinus velutina,10,10,609665,1.64025E-05,0.000180724,3716914122
Fulica americana,34771,34771,609665,0.057032961,0.163349581,307.4313591
Funastrum cynanchoides,3,3,609665,4.92074E-06,6.01415E-05,41299045803
Gaillardia pinnatifida,3,3,609665,4.92074E-06,6.01415E-05,41299045803
Gaillardia pulchella,1,1,609665,1.64025E-06,2.18492E-05,3.71691E+11
Galium aparine,3,3,609665,4.92074E-06,6.01415E-05,41299045803
Galium stellatum,1,1,609665,1.64025E-06,2.18492E-05,3.71691E+11
Galium wrightii,1,1,609665,1.64025E-06,2.18492E-05,3.71691E+11
Gallinago delicata,257,257,609665,0.000421543,0.003276059,5627510.064
Gallinula chloropus,28,28,609665,4.59269E-05,0.000458739,474096189.1
Garrya flavescens,2,2,609665,3.28049E-06,4.14244E-05,92922853056
Garrya wrightii,3,3,609665,4.92074E-06,6.01415E-05,41299045803
Geococcyx californianus,63,63,609665,0.000103335,0.000948364,93648629.94
Geopyxis carbonaria,1,1,609665,1.64025E-06,2.18492E-05,3.71691E+11
Geothlypis tolmiei,91,91,609665,0.000149262,0.001314972,44884846.3
Geothlypis trichas,1745,1745,609665,0.002862228,0.016761649,122065.1431
Geranium caespitosum,9,9,609665,1.47622E-05,0.000164207,4588782867
Geranium lentum,1,1,609665,1.64025E-06,2.18492E-05,3.71691E+11
Geranium richardsonii,1,1,609665,1.64025E-06,2.18492E-05,3.71691E+11
Gibbifer californicus,4,4,609665,6.56098E-06,7.83012E-05,23230713264
Gilia clokeyi,2,2,609665,3.28049E-06,4.14244E-05,92922853056
Gilia flavocincta,7,7,609665,1.14817E-05,0.000130602,7585539025
Gilia minor,1,1,609665,1.64025E-06,2.18492E-05,3.71691E+11
Glandularia gooddingii,5,5,609665,8.20123E-06,9.60464E-05,14867656489
Glaucidium gnoma,24,24,609665,3.93659E-05,0.000399273,645297590.7
Grus grus,174,174,609665,0.000285403,0.002329345,12276767.48
Gutierrezia sarothrae,6,6,609665,9.84147E-06,0.000113461,10324761451
Gymnorhinus cyanocephalus,611,611,609665,0.00100219,0.006920689,995634.8885
Haemorhous cassinii,86,86,609665,0.000141061,0.001250692,50255734.48
Haemorhous mexicanus,19606,19606,609665,0.032158645,0.11053164,966.9511415
Halerpestes cymbalaria,1,1,609665,1.64025E-06,2.18492E-05,3.71691E+11
Haliaeetus leucocephalus,449,449,609665,0.00073647,0.005312631,1843698.257
Hedeoma drummondii,1,1,609665,1.64025E-06,2.18492E-05,3.71691E+11
Helenium arizonicum,2,2,609665,3.28049E-06,4.14244E-05,92922853056
Helianthus annuus,2,2,609665,3.28049E-06,4.14244E-05,92922853056
Helianthus petiolaris,1,1,609665,1.64025E-06,2.18492E-05,3.71691E+11
Heloderma suspectum,2,2,609665,3.28049E-06,4.14244E-05,92922853056
Hemaris thetis,1,1,609665,1.64025E-06,2.18492E-05,3.71691E+11
Herniaria hirsuta,1,1,609665,1.64025E-06,2.18492E-05,3.71691E+11
Hesperidanthus linearifolius,1,1,609665,1.64025E-06,2.18492E-05,3.71691E+11
Hesperiphona vespertina,17,17,609665,2.78842E-05,0.000292434,1286129454
Hesperis matronalis,1,1,609665,1.64025E-06,2.18492E-05,3.71691E+11
Hetaerina americana,2,2,609665,3.28049E-06,4.14244E-05,92922853056
Hetaerina vulnerata,12,12,609665,1.96829E-05,0.00021328,2581190363
Heterotheca subaxillaris,2,2,609665,3.28049E-06,4.14244E-05,92922853056
Himantopus mexicanus,360,360,609665,0.000590488,0.004390021,2867989.292
Hippodamia convergens,5,5,609665,8.20123E-06,9.60464E-05,14867656489
Hirundo rustica,2045,2045,609665,0.003354301,0.01911117,88878.3334
Hordeum murinum,1,1,609665,1.64025E-06,2.18492E-05,3.71691E+11
Hordeum pusillum,1,1,609665,1.64025E-06,2.18492E-05,3.71691E+11
Hosackia alamosana,1,1,609665,1.64025E-06,2.18492E-05,3.71691E+11
Houstonia wrightii,1,1,609665,1.64025E-06,2.18492E-05,3.71691E+11
Hyalophora columbia,1,1,609665,1.64025E-06,2.18492E-05,3.71691E+11
Hydroprogne caspia,30,30,609665,4.92074E-05,0.000488111,412990458
Hygrophoropsis aurantiaca,1,1,609665,1.64025E-06,2.18492E-05,3.71691E+11
Hyla arenicolor,5,5,609665,8.20123E-06,9.60464E-05,14867656489
Hylephila phyleus,1,1,609665,1.64025E-06,2.18492E-05,3.71691E+11
Hyles lineata,7,7,609665,1.14817E-05,0.000130602,7585539025
Hymenopappus filifolius,1,1,609665,1.64025E-06,2.18492E-05,3.71691E+11
Hymenothrix wrightii,1,1,609665,1.64025E-06,2.18492E-05,3.71691E+11
Hymenoxys hoopesii,1,1,609665,1.64025E-06,2.18492E-05,3.71691E+11
Hymenoxys richardsonii,1,1,609665,1.64025E-06,2.18492E-05,3.71691E+11
Icaricia lupini,3,3,609665,4.92074E-06,6.01415E-05,41299045803
Icteria virens,1051,1051,609665,0.001723898,0.010969449,336493.822
Icterus bullockii,787,787,609665,0.001290873,0.00858745,600113.038
Icterus cucullatus,818,818,609665,0.00134172,0.008873874,555489.5837
Icterus parisorum,218,218,609665,0.000357573,0.002837763,7821130.633
Icterus spurius,1,1,609665,1.64025E-06,2.18492E-05,3.71691E+11
Inocutis dryophila,1,1,609665,1.64025E-06,2.18492E-05,3.71691E+11
Insara tessellata,1,1,609665,1.64025E-06,2.18492E-05,3.71691E+11
Ipomopsis aggregata,5,5,609665,8.20123E-06,9.60464E-05,14867656489
Ipomopsis longiflora,3,3,609665,4.92074E-06,6.01415E-05,41299045803
Iris germanica,1,1,609665,1.64025E-06,2.18492E-05,3.71691E+11
Iris missouriensis,4,4,609665,6.56098E-06,7.83012E-05,23230713264
Ischnura damula,3,3,609665,4.92074E-06,6.01415E-05,41299045803
Ischnura demorsa,1,1,609665,1.64025E-06,2.18492E-05,3.71691E+11
Ischnura denticollis,3,3,609665,4.92074E-06,6.01415E-05,41299045803
Ixobrychus exilis,1,1,609665,1.64025E-06,2.18492E-05,3.71691E+11
Juglans major,9,9,609665,1.47622E-05,0.000164207,4588782867
Junco hyemalis,12880,12880,609665,0.021126356,0.081489298,2240.530194
Junco phaeonotus,7,7,609665,1.14817E-05,0.000130602,7585539025
Juniperus deppeana,8,8,609665,1.3122E-05,0.000147507,5807678316
Juniperus monosperma,1,1,609665,1.64025E-06,2.18492E-05,3.71691E+11
Juniperus osteosperma,1,1,609665,1.64025E-06,2.18492E-05,3.71691E+11
Juniperus scopulorum,1,1,609665,1.64025E-06,2.18492E-05,3.71691E+11
Junonia coenia,18,18,609665,2.95244E-05,0.000307948,1147195717
Junonia nigrosuffusa,1,1,609665,1.64025E-06,2.18492E-05,3.71691E+11
Kali tragus,2,2,609665,3.28049E-06,4.14244E-05,92922853056
Kallstroemia grandiflora,3,3,609665,4.92074E-06,6.01415E-05,41299045803
Keckiella antirrhinoides,1,1,609665,1.64025E-06,2.18492E-05,3.71691E+11
Kinosternon sonoriense,2,2,609665,3.28049E-06,4.14244E-05,92922853056
Krameria erecta,3,3,609665,4.92074E-06,6.01415E-05,41299045803
Lactuca serriola,3,3,609665,4.92074E-06,6.01415E-05,41299045803
Lamium amplexicaule,4,4,609665,6.56098E-06,7.83012E-05,23230713264
Lampropeltis pyromelana,1,1,609665,1.64025E-06,2.18492E-05,3.71691E+11
Lanius borealis,8,8,609665,1.3122E-05,0.000147507,5807678316
Lanius ludovicianus,90,90,609665,0.000147622,0.001302153,45887828.67
Lappula occidentalis,1,1,609665,1.64025E-06,2.18492E-05,3.71691E+11
Larrea tridentata,4,4,609665,6.56098E-06,7.83012E-05,23230713264
Larus californicus,207,207,609665,0.000339531,0.002712153,8674447.764
Larus delawarensis,623,623,609665,0.001021873,0.007036736,957649.1636
Lasius pallitarsis,4,4,609665,6.56098E-06,7.83012E-05,23230713264
Lasthenia californica,3,3,609665,4.92074E-06,6.01415E-05,41299045803
Lathyrus lanszwertii,1,1,609665,1.64025E-06,2.18492E-05,3.71691E+11
Latrodectus hesperus,1,1,609665,1.64025E-06,2.18492E-05,3.71691E+11
Layia glandulosa,2,2,609665,3.28049E-06,4.14244E-05,92922853056
Lecania arizonica,1,1,609665,1.64025E-06,2.18492E-05,3.71691E+11
Lecanora argopholis,1,1,609665,1.64025E-06,2.18492E-05,3.71691E+11
Lecanora densa,1,1,609665,1.64025E-06,2.18492E-05,3.71691E+11
Lecanora dispersa,1,1,609665,1.64025E-06,2.18492E-05,3.71691E+11
Lecanora flowersiana,1,1,609665,1.64025E-06,2.18492E-05,3.71691E+11
Lecanora muralis,2,2,609665,3.28049E-06,4.14244E-05,92922853056
Lecanora valesiaca,1,1,609665,1.64025E-06,2.18492E-05,3.71691E+11
Lecidea leprarioides,1,1,609665,1.64025E-06,2.18492E-05,3.71691E+11
Lecidea tessellata,1,1,609665,1.64025E-06,2.18492E-05,3.71691E+11
Lecidella carpathica,1,1,609665,1.64025E-06,2.18492E-05,3.71691E+11
Lecidella elaeochroma,1,1,609665,1.64025E-06,2.18492E-05,3.71691E+11
Lecidella patavina,2,2,609665,3.28049E-06,4.14244E-05,92922853056
Lecidella stigmatea,1,1,609665,1.64025E-06,2.18492E-05,3.71691E+11
Leiothlypis celata,559,559,609665,0.000916897,0.00641325,1189484.84
Leiothlypis luciae,2283,2283,609665,0.003744679,0.020923094,71313.32796
Leiothlypis ruficapilla,45,45,609665,7.3811E-05,0.000702238,183551314.7
Leiothlypis virginiae,539,539,609665,0.000884092,0.006216007,1279396.024
Lepidium alyssoides,1,1,609665,1.64025E-06,2.18492E-05,3.71691E+11
Lepidium densiflorum,3,3,609665,4.92074E-06,6.01415E-05,41299045803
Lepidium fremontii,2,2,609665,3.28049E-06,4.14244E-05,92922853056
Lepidium lasiocarpum,1,1,609665,1.64025E-06,2.18492E-05,3.71691E+11
Lepidium virginicum,1,1,609665,1.64025E-06,2.18492E-05,3.71691E+11
Leptogium arsenei,2,2,609665,3.28049E-06,4.14244E-05,92922853056
Leptogium lichenoides,1,1,609665,1.64025E-06,2.18492E-05,3.71691E+11
Leptogium saturninum,1,1,609665,1.64025E-06,2.18492E-05,3.71691E+11
Leptoglossus occidentalis,1,1,609665,1.64025E-06,2.18492E-05,3.71691E+11
Leptosiphon chrysanthus,2,2,609665,3.28049E-06,4.14244E-05,92922853056
Leptotes marina,2,2,609665,3.28049E-06,4.14244E-05,92922853056
Leucanthemum vulgare,1,1,609665,1.64025E-06,2.18492E-05,3.71691E+11
Leucophaeus pipixcan,179,179,609665,0.000293604,0.002387962,11600493.5
Lewisia brachycalyx,2,2,609665,3.28049E-06,4.14244E-05,92922853056
Libellula luctuosa,2,2,609665,3.28049E-06,4.14244E-05,92922853056
Libellula lydia,1,1,609665,1.64025E-06,2.18492E-05,3.71691E+11
Libellula saturata,13,13,609665,2.13232E-05,0.000229346,2199357469
Lichinella sinaica,1,1,609665,1.64025E-06,2.18492E-05,3.71691E+11
Limenitis arthemis,1,1,609665,1.64025E-06,2.18492E-05,3.71691E+11
Limenitis bredowii,9,9,609665,1.47622E-05,0.000164207,4588782867
Limenitis weidermeyerii,1,1,609665,1.64025E-06,2.18492E-05,3.71691E+11
Limnodromus scolopaceus,65,65,609665,0.000106616,0.000975139,87974298.75
Limosa fedoa,712,712,609665,0.001167854,0.007886039,733200.1409
Linanthus bigelovii,1,1,609665,1.64025E-06,2.18492E-05,3.71691E+11
Linaria dalmatica,4,4,609665,6.56098E-06,7.83012E-05,23230713264
Linum neomexicanum,1,1,609665,1.64025E-06,2.18492E-05,3.71691E+11
Liometopum luctuosum,1,1,609665,1.64025E-06,2.18492E-05,3.71691E+11
Liquidambar styraciflua,1,1,609665,1.64025E-06,2.18492E-05,3.71691E+11
Lithobates catesbeianus,3,3,609665,4.92074E-06,6.01415E-05,41299045803
Lithobates yavapaiensis,1,1,609665,1.64025E-06,2.18492E-05,3.71691E+11
Lithophragma tenella,1,1,609665,1.64025E-06,2.18492E-05,3.71691E+11
Lithospermum incisum,1,1,609665,1.64025E-06,2.18492E-05,3.71691E+11
Lithospermum multiflorum,3,3,609665,4.92074E-06,6.01415E-05,41299045803
Lobelia cardinalis,2,2,609665,3.28049E-06,4.14244E-05,92922853056
Lobothallia alphoplaca,1,1,609665,1.64025E-06,2.18492E-05,3.71691E+11
Lobothallia praeradiosa,2,2,609665,3.28049E-06,4.14244E-05,92922853056
Lobularia maritima,3,3,609665,4.92074E-06,6.01415E-05,41299045803
Logfia californica,1,1,609665,1.64025E-06,2.18492E-05,3.71691E+11
Logfia depressa,1,1,609665,1.64025E-06,2.18492E-05,3.71691E+11
Lomatium dissectum,1,1,609665,1.64025E-06,2.18492E-05,3.71691E+11
Lomatium nevadense,1,1,609665,1.64025E-06,2.18492E-05,3.71691E+11
Lophodytes cucullatus,486,486,609665,0.000797159,0.005687297,1573656.676
Lotus corniculatus,2,2,609665,3.28049E-06,4.14244E-05,92922853056
Loxia curvirostra,118,118,609665,0.000193549,0.001654839,26694298.49
Ludwigia peploides,1,1,609665,1.64025E-06,2.18492E-05,3.71691E+11
Lupinus argenteus,1,1,609665,1.64025E-06,2.18492E-05,3.71691E+11
Lupinus arizonicus,3,3,609665,4.92074E-06,6.01415E-05,41299045803
Lupinus bicolor,2,2,609665,3.28049E-06,4.14244E-05,92922853056
Lupinus concinnus,1,1,609665,1.64025E-06,2.18492E-05,3.71691E+11
Lupinus kingii,1,1,609665,1.64025E-06,2.18492E-05,3.71691E+11
Lupinus latifolius,1,1,609665,1.64025E-06,2.18492E-05,3.71691E+11
Lupinus sparsiflorus,5,5,609665,8.20123E-06,9.60464E-05,14867656489
Lycium californicum,1,1,609665,1.64025E-06,2.18492E-05,3.71691E+11
Lycium pallidum,2,2,609665,3.28049E-06,4.14244E-05,92922853056
Lycus arizonensis,2,2,609665,3.28049E-06,4.14244E-05,92922853056
Lycus fernandezi,2,2,609665,3.28049E-06,4.14244E-05,92922853056
Lycus sanguineus,1,1,609665,1.64025E-06,2.18492E-05,3.71691E+11
Lynx rufus,2,2,609665,3.28049E-06,4.14244E-05,92922853056
Lysimachia arvensis,1,1,609665,1.64025E-06,2.18492E-05,3.71691E+11
Lythrum californicum,1,1,609665,1.64025E-06,2.18492E-05,3.71691E+11
Lytta magister,1,1,609665,1.64025E-06,2.18492E-05,3.71691E+11
Machaeranthera tagetina,1,1,609665,1.64025E-06,2.18492E-05,3.71691E+11
Maianthemum racemosum,2,2,609665,3.28049E-06,4.14244E-05,92922853056
Marah gilensis,2,2,609665,3.28049E-06,4.14244E-05,92922853056
Marina parryi,1,1,609665,1.64025E-06,2.18492E-05,3.71691E+11
Marrubium vulgare,1,1,609665,1.64025E-06,2.18492E-05,3.71691E+11
Medicago lupulina,6,6,609665,9.84147E-06,0.000113461,10324761451
Medicago sativa,1,1,609665,1.64025E-06,2.18492E-05,3.71691E+11
Megaceryle alcyon,446,446,609665,0.000731549,0.005282039,1868584.791
Megascops kennicottii,94,94,609665,0.000154183,0.001353322,42065574.04
Megatibicen cultriformis,6,6,609665,9.84147E-06,0.000113461,10324761451
Melampodium leucanthum,14,14,609665,2.29634E-05,0.000245286,1896384756
Melanerpes formicivorus,2491,2491,609665,0.00408585,0.022473098,59901.13783
Melanerpes lewis,59,59,609665,9.67745E-05,0.000894499,106777194
Melanerpes uropygialis,3293,3293,609665,0.005401327,0.028200926,34276.70491
Melanohalea exasperatula,1,1,609665,1.64025E-06,2.18492E-05,3.71691E+11
Meleagris gallopavo,103,103,609665,0.000168945,0.001467448,35035480.46
Melia azedarach,1,1,609665,1.64025E-06,2.18492E-05,3.71691E+11
Melilotus albus,1,1,609665,1.64025E-06,2.18492E-05,3.71691E+11
Melilotus indicus,3,3,609665,4.92074E-06,6.01415E-05,41299045803
Melilotus officinalis,1,1,609665,1.64025E-06,2.18492E-05,3.71691E+11
Melospiza georgiana,1,1,609665,1.64025E-06,2.18492E-05,3.71691E+11
Melospiza lincolnii,723,723,609665,0.001185897,0.007989692,711059.4825
Melospiza melodia,4163,4163,609665,0.00682834,0.034050704,21447.15573
Melozone aberti,1832,1832,609665,0.003004929,0.017451129,110746.9025
Melozone fusca,546,546,609665,0.000895574,0.006285178,1246801.286
Menodora scabra,4,4,609665,6.56098E-06,7.83012E-05,23230713264
Mentha spicata,1,1,609665,1.64025E-06,2.18492E-05,3.71691E+11
Mephitis mephitis,3,3,609665,4.92074E-06,6.01415E-05,41299045803
Mergus merganser,1881,1881,609665,0.003085301,0.017836452,105052.1478
Mergus serrator,111,111,609665,0.000182067,0.001567805,30167308.84
Mertensia macdougalii,1,1,609665,1.64025E-06,2.18492E-05,3.71691E+11
Micrathene whitneyi,6,6,609665,9.84147E-06,0.000113461,10324761451
Micropterus coosae,1,1,609665,1.64025E-06,2.18492E-05,3.71691E+11
Micropterus dolomieu,1,1,609665,1.64025E-06,2.18492E-05,3.71691E+11
Microseris lindleyi,4,4,609665,6.56098E-06,7.83012E-05,23230713264
Mimosa aculeaticarpa,8,8,609665,1.3122E-05,0.000147507,5807678316
Mimus polyglottos,383,383,609665,0.000628214,0.004631588,2533873.789
Ministrymon leda,1,1,609665,1.64025E-06,2.18492E-05,3.71691E+11
Mirabilis coccinea,3,3,609665,4.92074E-06,6.01415E-05,41299045803
Mirabilis jalapa,1,1,609665,1.64025E-06,2.18492E-05,3.71691E+11
Mirabilis laevis,2,2,609665,3.28049E-06,4.14244E-05,92922853056
Mirabilis longiflora,2,2,609665,3.28049E-06,4.14244E-05,92922853056
Mirabilis multiflora,7,7,609665,1.14817E-05,0.000130602,7585539025
Mirabilis oxybaphoides,1,1,609665,1.64025E-06,2.18492E-05,3.71691E+11
Mitoura gryneus,3,3,609665,4.92074E-06,6.01415E-05,41299045803
Mniotilta varia,6,6,609665,9.84147E-06,0.000113461,10324761451
Molothrus aeneus,51,51,609665,8.36525E-05,0.0007854,142903272.7
Molothrus ater,1716,1716,609665,0.002814661,0.016530258,126225.75
Monarda fistulosa,5,5,609665,8.20123E-06,9.60464E-05,14867656489
Monarda pectinata,1,1,609665,1.64025E-06,2.18492E-05,3.71691E+11
Monochamus clamator,1,1,609665,1.64025E-06,2.18492E-05,3.71691E+11
Monomorium minimum,5,5,609665,8.20123E-06,9.60464E-05,14867656489
Monoptilon bellioides,1,1,609665,1.64025E-06,2.18492E-05,3.71691E+11
Montagnea arenaria,1,1,609665,1.64025E-06,2.18492E-05,3.71691E+11
Munroa pulchella,1,1,609665,1.64025E-06,2.18492E-05,3.71691E+11
Myadestes townsendi,661,661,609665,0.001084202,0.00740175,850706.2197
Myiarchus cinerascens,1032,1032,609665,0.001692733,0.010802024,348998.1561
Myiarchus tuberculifer,8,8,609665,1.3122E-05,0.000147507,5807678316
Myiarchus tyrannulus,653,653,609665,0.00107108,0.00732521,871678.1593
Myioborus pictus,902,902,609665,0.001479501,0.009640503,456845.6058
Myiodynastes luteiventris,10,10,609665,1.64025E-05,0.000180724,3716914122
Myzinum maculatum,1,1,609665,1.64025E-06,2.18492E-05,3.71691E+11
Nandina domestica,1,1,609665,1.64025E-06,2.18492E-05,3.71691E+11
Nasturtium officinale,3,3,609665,4.92074E-06,6.01415E-05,41299045803
Nasua narica,3,3,609665,4.92074E-06,6.01415E-05,41299045803
Nathalis iole,9,9,609665,1.47622E-05,0.000164207,4588782867
Nemacladus longiflorus,1,1,609665,1.64025E-06,2.18492E-05,3.71691E+11
Neoalbertia constans,1,1,609665,1.64025E-06,2.18492E-05,3.71691E+11
Neolentinus ponderosus,1,1,609665,1.64025E-06,2.18492E-05,3.71691E+11
Nicotiana attenuata,1,1,609665,1.64025E-06,2.18492E-05,3.71691E+11
Nolina microcarpa,5,5,609665,8.20123E-06,9.60464E-05,14867656489
Nucifraga columbiana,4,4,609665,6.56098E-06,7.83012E-05,23230713264
Numenius americanus,17,17,609665,2.78842E-05,0.000292434,1286129454
Nycticorax nycticorax,489,489,609665,0.00080208,0.005717468,1554407.234
Nymphalis antiopa,1,1,609665,1.64025E-06,2.18492E-05,3.71691E+11
Octotoma marginicollis,1,1,609665,1.64025E-06,2.18492E-05,3.71691E+11
Odocoileus hemionus,5,5,609665,8.20123E-06,9.60464E-05,14867656489
Odocoileus virginianus,2,2,609665,3.28049E-06,4.14244E-05,92922853056
Oecanthus californicus,2,2,609665,3.28049E-06,4.14244E-05,92922853056
Oenothera albicaulis,4,4,609665,6.56098E-06,7.83012E-05,23230713264
Oenothera cespitosa,4,4,609665,6.56098E-06,7.83012E-05,23230713264
Oenothera curtiflora,3,3,609665,4.92074E-06,6.01415E-05,41299045803
Oenothera elata,3,3,609665,4.92074E-06,6.01415E-05,41299045803
Oenothera hexandra,1,1,609665,1.64025E-06,2.18492E-05,3.71691E+11
Oenothera primiveris,3,3,609665,4.92074E-06,6.01415E-05,41299045803
Oenothera suffrutescens,3,3,609665,4.92074E-06,6.01415E-05,41299045803
Okanagana magnifica,1,1,609665,1.64025E-06,2.18492E-05,3.71691E+11
Okanagana rubrovenosa,1,1,609665,1.64025E-06,2.18492E-05,3.71691E+11
Olios giganteus,4,4,609665,6.56098E-06,7.83012E-05,23230713264
Oncopeltus fasciatus,1,1,609665,1.64025E-06,2.18492E-05,3.71691E+11
Oncosiphon piluliferum,1,1,609665,1.64025E-06,2.18492E-05,3.71691E+11
Ophiogomphus arizonicus,1,1,609665,1.64025E-06,2.18492E-05,3.71691E+11
Opuntia chlorotic ringspot virus,1,1,609665,1.64025E-06,2.18492E-05,3.71691E+11
Opuntia chlorotica,1,1,609665,1.64025E-06,2.18492E-05,3.71691E+11
Opuntia engelmannii,11,11,609665,1.80427E-05,0.000197076,3071829853
Opuntia macrorhiza,2,2,609665,3.28049E-06,4.14244E-05,92922853056
Opuntia phaeacantha,11,11,609665,1.80427E-05,0.000197076,3071829853
Opuntia santa-rita,1,1,609665,1.64025E-06,2.18492E-05,3.71691E+11
Orconectes virilis,6,6,609665,9.84147E-06,0.000113461,10324761451
Oreoscoptes montanus,102,102,609665,0.000167305,0.001454833,35725818.17
Ostrya knowltonii,2,2,609665,3.28049E-06,4.14244E-05,92922853056
Otospermophilus variegatus,4,4,609665,6.56098E-06,7.83012E-05,23230713264
Ottleya rigida,1,1,609665,1.64025E-06,2.18492E-05,3.71691E+11
Otus flammeolus,5,5,609665,8.20123E-06,9.60464E-05,14867656489
Oxytropis lambertii,1,1,609665,1.64025E-06,2.18492E-05,3.71691E+11
Oxyura jamaicensis,15904,15904,609665,0.026086457,0.095120066,1469.500685
Pachydiplax longipennis,3,3,609665,4.92074E-06,6.01415E-05,41299045803
Packera neomexicana,3,3,609665,4.92074E-06,6.01415E-05,41299045803
Paltothemis lineatipes,7,7,609665,1.14817E-05,0.000130602,7585539025
Pandion haliaetus,290,290,609665,0.000475671,0.003639257,4419636.293
Papilio multicaudata,9,9,609665,1.47622E-05,0.000164207,4588782867
Parabuteo unicinctus,2,2,609665,3.28049E-06,4.14244E-05,92922853056
Paraphidippus aurantius,1,1,609665,1.64025E-06,2.18492E-05,3.71691E+11
Paravaejovis spinigerus,4,4,609665,6.56098E-06,7.83012E-05,23230713264
Parietaria hespera,1,1,609665,1.64025E-06,2.18492E-05,3.71691E+11
Parietaria pensylvanica,4,4,609665,6.56098E-06,7.83012E-05,23230713264
Parkesia noveboracensis,5,5,609665,8.20123E-06,9.60464E-05,14867656489
Parthenium incanum,1,1,609665,1.64025E-06,2.18492E-05,3.71691E+11
Passer domesticus,3681,3681,609665,0.006037742,0.030851202,27431.58438
Passerculus sandwichensis,235,235,609665,0.000385458,0.003030113,6730491.847
Passerella iliaca,24,24,609665,3.93659E-05,0.000399273,645297590.7
Passerina amoena,798,798,609665,0.001308916,0.00868931,583682.5966
Passerina caerulea,449,449,609665,0.00073647,0.005312631,1843698.257
Passerina cyanea,44,44,609665,7.21708E-05,0.000688255,191989365.8
Patagioenas fasciata,165,165,609665,0.00027064,0.002223235,13652577.12
Pecari tajacu,8,8,609665,1.3122E-05,0.000147507,5807678316
Peccania subnigra,1,1,609665,1.64025E-06,2.18492E-05,3.71691E+11
Pectocarya platycarpa,1,1,609665,1.64025E-06,2.18492E-05,3.71691E+11
Pectocarya recurvata,3,3,609665,4.92074E-06,6.01415E-05,41299045803
Pedicularis centranthera,2,2,609665,3.28049E-06,4.14244E-05,92922853056
Pelecanus erythrorhynchos,166,166,609665,0.000272281,0.002235064,13488583.69
Pellaea truncata,1,1,609665,1.64025E-06,2.18492E-05,3.71691E+11
Peltigera didactyla,1,1,609665,1.64025E-06,2.18492E-05,3.71691E+11
Peltigera fibrilloides,1,1,609665,1.64025E-06,2.18492E-05,3.71691E+11
Peltigera ponojensis,1,1,609665,1.64025E-06,2.18492E-05,3.71691E+11
Peltigera rufescens,8,8,609665,1.3122E-05,0.000147507,5807678316
Peltula euploca,1,1,609665,1.64025E-06,2.18492E-05,3.71691E+11
Peltula obscurans,1,1,609665,1.64025E-06,2.18492E-05,3.71691E+11
Peltula richardsii,1,1,609665,1.64025E-06,2.18492E-05,3.71691E+11
Penstemon barbatus,5,5,609665,8.20123E-06,9.60464E-05,14867656489
Penstemon eatonii,10,10,609665,1.64025E-05,0.000180724,3716914122
Penstemon linarioides,1,1,609665,1.64025E-06,2.18492E-05,3.71691E+11
Penstemon palmeri,8,8,609665,1.3122E-05,0.000147507,5807678316
Penstemon parryi,1,1,609665,1.64025E-06,2.18492E-05,3.71691E+11
Penstemon pseudospectabilis,10,10,609665,1.64025E-05,0.000180724,3716914122
Penstemon rostriflorus,3,3,609665,4.92074E-06,6.01415E-05,41299045803
Penstemon virgatus,1,1,609665,1.64025E-06,2.18492E-05,3.71691E+11
Pericome caudata,1,1,609665,1.64025E-06,2.18492E-05,3.71691E+11
Persicaria amphibia,1,1,609665,1.64025E-06,2.18492E-05,3.71691E+11
Petrochelidon pyrrhonota,1074,1074,609665,0.001761623,0.011171368,322235.9305
Petrophytum caespitosum,1,1,609665,1.64025E-06,2.18492E-05,3.71691E+11
Peucedramus taeniatus,64,64,609665,0.000104976,0.000961764,90744973.69
Peucetia viridans,1,1,609665,1.64025E-06,2.18492E-05,3.71691E+11
Phacelia bombycina,1,1,609665,1.64025E-06,2.18492E-05,3.71691E+11
Phacelia crenulata,3,3,609665,4.92074E-06,6.01415E-05,41299045803
Phacelia distans,8,8,609665,1.3122E-05,0.000147507,5807678316
Phacelia heterophylla,2,2,609665,3.28049E-06,4.14244E-05,92922853056
Phacelia ramosissima,1,1,609665,1.64025E-06,2.18492E-05,3.71691E+11
Phaenops gentilis,1,1,609665,1.64025E-06,2.18492E-05,3.71691E+11
Phaeophyscia ciliata,2,2,609665,3.28049E-06,4.14244E-05,92922853056
Phaeophyscia hirsuta,2,2,609665,3.28049E-06,4.14244E-05,92922853056
Phainopepla nitens,2170,2170,609665,0.003559332,0.020068162,78933.80879
Phalacrocorax auritus,522,522,609665,0.000856208,0.006047394,1364085.276
Phalacrocorax brasilianus,448,448,609665,0.00073483,0.005302437,1851938.239
Phalaenoptilus nuttallii,36,36,609665,5.90488E-05,0.000574967,286798929.2
Phalaropus lobatus,143,143,609665,0.000234555,0.001960369,18176508.01
Phalaropus tricolor,380,380,609665,0.000623293,0.004600211,2574040.251
Phaseolus acutifolius,1,1,609665,1.64025E-06,2.18492E-05,3.71691E+11
Pheucticus melanocephalus,1556,1556,609665,0.002552221,0.01523878,153519.4273
Phidippus asotus,2,2,609665,3.28049E-06,4.14244E-05,92922853056
Phidippus californicus,2,2,609665,3.28049E-06,4.14244E-05,92922853056
Phidippus carneus,2,2,609665,3.28049E-06,4.14244E-05,92922853056
Phidippus comatus,1,1,609665,1.64025E-06,2.18492E-05,3.71691E+11
Phidippus octopunctatus,1,1,609665,1.64025E-06,2.18492E-05,3.71691E+11
Phidippus olympus,3,3,609665,4.92074E-06,6.01415E-05,41299045803
Phidippus tigris,2,2,609665,3.28049E-06,4.14244E-05,92922853056
Phidippus toro,2,2,609665,3.28049E-06,4.14244E-05,92922853056
Phidippus tux,2,2,609665,3.28049E-06,4.14244E-05,92922853056
Phidippus tyrrelli,2,2,609665,3.28049E-06,4.14244E-05,92922853056
Phlox austromontana,1,1,609665,1.64025E-06,2.18492E-05,3.71691E+11
Phlox gracilis,2,2,609665,3.28049E-06,4.14244E-05,92922853056
Phlox speciosa,2,2,609665,3.28049E-06,4.14244E-05,92922853056
Phlox tenuifolia,1,1,609665,1.64025E-06,2.18492E-05,3.71691E+11
Pholiota highlandensis,1,1,609665,1.64025E-06,2.18492E-05,3.71691E+11
Pholiota lenta,1,1,609665,1.64025E-06,2.18492E-05,3.71691E+11
Pholiota rufodisca,1,1,609665,1.64025E-06,2.18492E-05,3.71691E+11
Pholisora catullus,1,1,609665,1.64025E-06,2.18492E-05,3.71691E+11
Pholistoma auritum,1,1,609665,1.64025E-06,2.18492E-05,3.71691E+11
Phoradendron coryae,1,1,609665,1.64025E-06,2.18492E-05,3.71691E+11
Phoradendron juniperinum,3,3,609665,4.92074E-06,6.01415E-05,41299045803
Phrynosoma hernandesi,3,3,609665,4.92074E-06,6.01415E-05,41299045803
Phyla cuneifolia,1,1,609665,1.64025E-06,2.18492E-05,3.71691E+11
Physaria cinerea,1,1,609665,1.64025E-06,2.18492E-05,3.71691E+11
Physaria gordonii,2,2,609665,3.28049E-06,4.14244E-05,92922853056
Physcia aipolia,1,1,609665,1.64025E-06,2.18492E-05,3.71691E+11
Physcia dimidiata,2,2,609665,3.28049E-06,4.14244E-05,92922853056
Physconia elegantula,1,1,609665,1.64025E-06,2.18492E-05,3.71691E+11
Physconia enteroxantha,4,4,609665,6.56098E-06,7.83012E-05,23230713264
Physconia muscigena,2,2,609665,3.28049E-06,4.14244E-05,92922853056
Picoides dorsalis,6,6,609665,9.84147E-06,0.000113461,10324761451
Picoides villosus,607,607,609665,0.000995629,0.006881921,1008800.166
Pieris rapae,2,2,609665,3.28049E-06,4.14244E-05,92922853056
Pinus edulis,5,5,609665,8.20123E-06,9.60464E-05,14867656489
Pinus monophylla,7,7,609665,1.14817E-05,0.000130602,7585539025
Pinus ponderosa,14,14,609665,2.29634E-05,0.000245286,1896384756
Pipilo chlorurus,157,157,609665,0.000257518,0.002128241,15079370.86
Pipilo maculatus,4011,4011,609665,0.006579023,0.033052149,23103.46946
Piranga flava,178,178,609665,0.000291964,0.002376257,11731202.25
Piranga ludoviciana,2069,2069,609665,0.003393667,0.019295862,86828.3495
Piranga rubra,1655,1655,609665,0.002714606,0.016040899,135702.0882
Pituophis catenifer,8,8,609665,1.3122E-05,0.000147507,5807678316
Placidium squamulosum,2,2,609665,3.28049E-06,4.14244E-05,92922853056
Placynthium nigrum,2,2,609665,3.28049E-06,4.14244E-05,92922853056
Plagiobothrys arizonicus,3,3,609665,4.92074E-06,6.01415E-05,41299045803
Plantago lanceolata,1,1,609665,1.64025E-06,2.18492E-05,3.71691E+11
Plantago ovata,3,3,609665,4.92074E-06,6.01415E-05,41299045803
Plantago patagonica,11,11,609665,1.80427E-05,0.000197076,3071829853
Plantago rhodosperma,1,1,609665,1.64025E-06,2.18492E-05,3.71691E+11
Platanus wrightii,42,42,609665,6.88903E-05,0.000660175,210709417.4
Platystemon californicus,5,5,609665,8.20123E-06,9.60464E-05,14867656489
Plegadis chihi,8769,8769,609665,0.014383309,0.061009492,4833.729986
Plestiodon multivirgatus,1,1,609665,1.64025E-06,2.18492E-05,3.71691E+11
Pluteus atromarginatus,1,1,609665,1.64025E-06,2.18492E-05,3.71691E+11
Pluteus pouzarianus,1,1,609665,1.64025E-06,2.18492E-05,3.71691E+11
Poa bigelovii,1,1,609665,1.64025E-06,2.18492E-05,3.71691E+11
Podiceps auritus,1,1,609665,1.64025E-06,2.18492E-05,3.71691E+11
Podiceps nigricollis,3736,3736,609665,0.006127956,0.031221284,26629.8544
Podilymbus podiceps,1197,1197,609665,0.001963373,0.012237885,259414.4874
Poecile gambeli,1669,1669,609665,0.002737569,0.016153532,133435.0288
Polemonium foliosissimum,1,1,609665,1.64025E-06,2.18492E-05,3.71691E+11
Polioptila caerulea,388,388,609665,0.000636415,0.004683798,2468988.55
Polioptila melanura,28,28,609665,4.59269E-05,0.000458739,474096189.1
Polistes comanchus,5,5,609665,8.20123E-06,9.60464E-05,14867656489
Polistes flavus,1,1,609665,1.64025E-06,2.18492E-05,3.71691E+11
Polygala scoparioides,1,1,609665,1.64025E-06,2.18492E-05,3.71691E+11
Polygonia gracilis,1,1,609665,1.64025E-06,2.18492E-05,3.71691E+11
Polygonum aviculare,1,1,609665,1.64025E-06,2.18492E-05,3.71691E+11
Polygyra cereolus,1,1,609665,1.64025E-06,2.18492E-05,3.71691E+11
Polyphylla decemlineata,3,3,609665,4.92074E-06,6.01415E-05,41299045803
Polypodium hesperium,1,1,609665,1.64025E-06,2.18492E-05,3.71691E+11
Polypogon monspeliensis,2,2,609665,3.28049E-06,4.14244E-05,92922853056
Polyrhachis laevigata,1,1,609665,1.64025E-06,2.18492E-05,3.71691E+11
Polysporina simplex,1,1,609665,1.64025E-06,2.18492E-05,3.71691E+11
Pombalia verticillata,1,1,609665,1.64025E-06,2.18492E-05,3.71691E+11
Pontia protodice,4,4,609665,6.56098E-06,7.83012E-05,23230713264
Pooecetes gramineus,449,449,609665,0.00073647,0.005312631,1843698.257
Populus fremontii,10,10,609665,1.64025E-05,0.000180724,3716914122
Populus tremuloides,1,1,609665,1.64025E-06,2.18492E-05,3.71691E+11
Porophyllum gracile,1,1,609665,1.64025E-06,2.18492E-05,3.71691E+11
Porpidia crustulata,1,1,609665,1.64025E-06,2.18492E-05,3.71691E+11
Portulaca oleracea,4,4,609665,6.56098E-06,7.83012E-05,23230713264
Porzana carolina,541,541,609665,0.000887373,0.006235785,1269954.019
Potentilla norvegica,1,1,609665,1.64025E-06,2.18492E-05,3.71691E+11
Potentilla thurberi,3,3,609665,4.92074E-06,6.01415E-05,41299045803
Prenolepis imparis,1,1,609665,1.64025E-06,2.18492E-05,3.71691E+11
Prionus californicus,1,1,609665,1.64025E-06,2.18492E-05,3.71691E+11
Prionus heroicus,1,1,609665,1.64025E-06,2.18492E-05,3.71691E+11
Procyon lotor,2,2,609665,3.28049E-06,4.14244E-05,92922853056
Progne subis,212,212,609665,0.000347732,0.002769365,8270100.842
Progomphus borealis,2,2,609665,3.28049E-06,4.14244E-05,92922853056
Prosopis pubescens,1,1,609665,1.64025E-06,2.18492E-05,3.71691E+11
Prosopis velutina,12,12,609665,1.96829E-05,0.00021328,2581190363
Prunus serotina,2,2,609665,3.28049E-06,4.14244E-05,92922853056
Psaltriparus minimus,5703,5703,609665,0.009354318,0.043702598,11428.1461
Pselliopus zebra,2,2,609665,3.28049E-06,4.14244E-05,92922853056
Pseudotsuga menziesii,4,4,609665,6.56098E-06,7.83012E-05,23230713264
Psilostrophe cooperi,2,2,609665,3.28049E-06,4.14244E-05,92922853056
Psora crenata,3,3,609665,4.92074E-06,6.01415E-05,41299045803
Psora decipiens,4,4,609665,6.56098E-06,7.83012E-05,23230713264
Psora himalayana,1,1,609665,1.64025E-06,2.18492E-05,3.71691E+11
Psora icterica,5,5,609665,8.20123E-06,9.60464E-05,14867656489
Psora luridella,1,1,609665,1.64025E-06,2.18492E-05,3.71691E+11
Psora nipponica,1,1,609665,1.64025E-06,2.18492E-05,3.71691E+11
Psora tuckermanii,4,4,609665,6.56098E-06,7.83012E-05,23230713264
Ptelea trifoliata,1,1,609665,1.64025E-06,2.18492E-05,3.71691E+11
Pteridium aquilinum,4,4,609665,6.56098E-06,7.83012E-05,23230713264
Pterospora andromedea,2,2,609665,3.28049E-06,4.14244E-05,92922853056
Punctelia hypoleucites,2,2,609665,3.28049E-06,4.14244E-05,92922853056
Punica granatum,1,1,609665,1.64025E-06,2.18492E-05,3.71691E+11
Purshia stansburiana,5,5,609665,8.20123E-06,9.60464E-05,14867656489
Pycnoporellus alboluteus,1,1,609665,1.64025E-06,2.18492E-05,3.71691E+11
Pyracantha coccinea,2,2,609665,3.28049E-06,4.14244E-05,92922853056
Pyrocephalus rubinus,299,299,609665,0.000490433,0.00373721,4157575.555
Quercus arizonica,1,1,609665,1.64025E-06,2.18492E-05,3.71691E+11
Quercus emoryi,5,5,609665,8.20123E-06,9.60464E-05,14867656489
Quercus gambelii,10,10,609665,1.64025E-05,0.000180724,3716914122
Quercus grisea,1,1,609665,1.64025E-06,2.18492E-05,3.71691E+11
Quercus palmeri,6,6,609665,9.84147E-06,0.000113461,10324761451
Quercus turbinella,30,30,609665,4.92074E-05,0.000488111,412990458
Quiscalus mexicanus,7323,7323,609665,0.012011515,0.05311359,6931.136611
Rabidosa santrita,1,1,609665,1.64025E-06,2.18492E-05,3.71691E+11
Rafinesquia californica,1,1,609665,1.64025E-06,2.18492E-05,3.71691E+11
Rafinesquia neomexicana,4,4,609665,6.56098E-06,7.83012E-05,23230713264
Rallus limicola,259,259,609665,0.000424823,0.00329826,5540934.277
Ramalina sinensis,1,1,609665,1.64025E-06,2.18492E-05,3.71691E+11
Ratibida columnifera,8,8,609665,1.3122E-05,0.000147507,5807678316
Recurvirostra americana,1404,1404,609665,0.002302904,0.013986882,188559.4538
Regulus calendula,3842,3842,609665,0.006301821,0.031930804,25180.70041
Regulus satrapa,103,103,609665,0.000168945,0.001467448,35035480.46
Rhinotropis rusbyi,1,1,609665,1.64025E-06,2.18492E-05,3.71691E+11
Rhizocarpon disporum,2,2,609665,3.28049E-06,4.14244E-05,92922853056
Rhizocarpon geminatum,1,1,609665,1.64025E-06,2.18492E-05,3.71691E+11
Rhopalophora meeskei,2,2,609665,3.28049E-06,4.14244E-05,92922853056
Rhus aromatica,7,7,609665,1.14817E-05,0.000130602,7585539025
Rhus glabra,3,3,609665,4.92074E-06,6.01415E-05,41299045803
Rhus ovata,13,13,609665,2.13232E-05,0.000229346,2199357469
Rhus trilobata,2,2,609665,3.28049E-06,4.14244E-05,92922853056
Ribes cereum,2,2,609665,3.28049E-06,4.14244E-05,92922853056
Rinodina bischoffii,1,1,609665,1.64025E-06,2.18492E-05,3.71691E+11
Rinodina juniperina,1,1,609665,1.64025E-06,2.18492E-05,3.71691E+11
Riparia riparia,39,39,609665,6.39696E-05,0.000617761,244373052.1
Robinia neomexicana,4,4,609665,6.56098E-06,7.83012E-05,23230713264
Rosa canina,1,1,609665,1.64025E-06,2.18492E-05,3.71691E+11
Rosa woodsii,4,4,609665,6.56098E-06,7.83012E-05,23230713264
Rosalia funebris,3,3,609665,4.92074E-06,6.01415E-05,41299045803
Rubus armeniacus,4,4,609665,6.56098E-06,7.83012E-05,23230713264
Rubus neomexicanus,4,4,609665,6.56098E-06,7.83012E-05,23230713264
Rudbeckia laciniata,1,1,609665,1.64025E-06,2.18492E-05,3.71691E+11
Rumex acetosella,1,1,609665,1.64025E-06,2.18492E-05,3.71691E+11
Rumex hymenosepalus,1,1,609665,1.64025E-06,2.18492E-05,3.71691E+11
Rumina decollata,5,5,609665,8.20123E-06,9.60464E-05,14867656489
Sagenosoma elsa,1,1,609665,1.64025E-06,2.18492E-05,3.71691E+11
Salix exigua,1,1,609665,1.64025E-06,2.18492E-05,3.71691E+11
Salix gooddingii,3,3,609665,4.92074E-06,6.01415E-05,41299045803
Salpinctes obsoletus,504,504,609665,0.000826684,0.005867873,1463259.843
Salvia columbariae,1,1,609665,1.64025E-06,2.18492E-05,3.71691E+11
Salvia dorrii,1,1,609665,1.64025E-06,2.18492E-05,3.71691E+11
Salvia microphylla,1,1,609665,1.64025E-06,2.18492E-05,3.71691E+11
Sambucus cerulea,1,1,609665,1.64025E-06,2.18492E-05,3.71691E+11
Sapindus saponaria,1,1,609665,1.64025E-06,2.18492E-05,3.71691E+11
Saponaria officinalis,1,1,609665,1.64025E-06,2.18492E-05,3.71691E+11
Sarcogyne regularis,2,2,609665,3.28049E-06,4.14244E-05,92922853056
Sarcogyne similis,2,2,609665,3.28049E-06,4.14244E-05,92922853056
Sarcomphalus obtusifolius,2,2,609665,3.28049E-06,4.14244E-05,92922853056
Sayornis nigricans,3974,3974,609665,0.006518334,0.032807664,23535.68276
Sayornis saya,1886,1886,609665,0.003093502,0.017875652,104495.8758
Sceloporus clarkii,16,16,609665,2.62439E-05,0.000276823,1451919579
Sceloporus magister,3,3,609665,4.92074E-06,6.01415E-05,41299045803
Sceloporus tristichus,10,10,609665,1.64025E-05,0.000180724,3716914122
Schismus arabicus,3,3,609665,4.92074E-06,6.01415E-05,41299045803
Schistocerca albolineata,1,1,609665,1.64025E-06,2.18492E-05,3.71691E+11
Schistocerca shoshone,1,1,609665,1.64025E-06,2.18492E-05,3.71691E+11
Sciurus aberti,7,7,609665,1.14817E-05,0.000130602,7585539025
Sciurus arizonensis,2,2,609665,3.28049E-06,4.14244E-05,92922853056
Scolopendra polymorpha,1,1,609665,1.64025E-06,2.18492E-05,3.71691E+11
Scutia pauciflora,3,3,609665,4.92074E-06,6.01415E-05,41299045803
Selasphorus calliope,23,23,609665,3.77256E-05,0.000384242,702630268.9
Selasphorus platycercus,1694,1694,609665,0.002778575,0.016354185,129525.6305
Selasphorus rufus,933,933,609665,0.001530349,0.009920117,426991.5096
Senecio flaccidus,2,2,609665,3.28049E-06,4.14244E-05,92922853056
Senegalia greggii,3,3,609665,4.92074E-06,6.01415E-05,41299045803
Senna bauhinioides,1,1,609665,1.64025E-06,2.18492E-05,3.71691E+11
Setophaga aestiva,1,1,609665,1.64025E-06,2.18492E-05,3.71691E+11
Setophaga auduboni,1,1,609665,1.64025E-06,2.18492E-05,3.71691E+11
Setophaga coronata,5592,5592,609665,0.00917225,0.043032279,11886.34144
Setophaga graciae,695,695,609665,0.00113997,0.007725297,769507.6077
Setophaga nigrescens,287,287,609665,0.00047075,0.003606504,4512515.779
Setophaga occidentalis,4,4,609665,6.56098E-06,7.83012E-05,23230713264
Setophaga petechia,3597,3597,609665,0.005899961,0.030283378,28727.75256
Setophaga ruticilla,1,1,609665,1.64025E-06,2.18492E-05,3.71691E+11
Setophaga townsendi,51,51,609665,8.36525E-05,0.0007854,142903272.7
Sialia currucoides,656,656,609665,0.001076001,0.007353932,863723.7234
Sialia mexicana,10320,10320,609665,0.016927329,0.069043627,3489.981561
Sida abutifolia,2,2,609665,3.28049E-06,4.14244E-05,92922853056
Sidalcea neomexicana,1,1,609665,1.64025E-06,2.18492E-05,3.71691E+11
Silene antirrhina,7,7,609665,1.14817E-05,0.000130602,7585539025
Simmondsia chinensis,2,2,609665,3.28049E-06,4.14244E-05,92922853056
Sisymbrium irio,12,12,609665,1.96829E-05,0.00021328,2581190363
Sitta canadensis,307,307,609665,0.000503555,0.003823906,3943717.304
Sitta carolinensis,1637,1637,609665,0.002685081,0.015895799,138702.7808
Sitta pygmaea,1178,1178,609665,0.001932209,0.012074549,267850.1822
Solanum angustifolium,1,1,609665,1.64025E-06,2.18492E-05,3.71691E+11
Solanum elaeagnifolium,65,65,609665,0.000106616,0.000975139,87974298.75
Sonchus oleraceus,1,1,609665,1.64025E-06,2.18492E-05,3.71691E+11
Sonora semiannulata,4,4,609665,6.56098E-06,7.83012E-05,23230713264
Sonorella compar,4,4,609665,6.56098E-06,7.83012E-05,23230713264
Sphaeralcea ambigua,2,2,609665,3.28049E-06,4.14244E-05,92922853056
Sphaeralcea coulteri,1,1,609665,1.64025E-06,2.18492E-05,3.71691E+11
Sphaeralcea emoryi,3,3,609665,4.92074E-06,6.01415E-05,41299045803
Sphaeralcea grossulariifolia,1,1,609665,1.64025E-06,2.18492E-05,3.71691E+11
Sphaeralcea rusbyi,1,1,609665,1.64025E-06,2.18492E-05,3.71691E+11
Sphinx chersis,1,1,609665,1.64025E-06,2.18492E-05,3.71691E+11
Sphinx dolli,1,1,609665,1.64025E-06,2.18492E-05,3.71691E+11
Sphyrapicus nuchalis,269,269,609665,0.000441226,0.003408891,5136626.252
Sphyrapicus ruber,10,10,609665,1.64025E-05,0.000180724,3716914122
Sphyrapicus thyroideus,16,16,609665,2.62439E-05,0.000276823,1451919579
Sphyrapicus varius,2,2,609665,3.28049E-06,4.14244E-05,92922853056
Spinus lawrencei,26,26,609665,4.26464E-05,0.000429132,549839367.2
Spinus pinus,1311,1311,609665,0.002150361,0.013207776,216260.4706
Spinus psaltria,15704,15704,609665,0.025758408,0.094249866,1507.169004
Spinus tristis,520,520,609665,0.000852927,0.006027498,1374598.418
Spiza americana,4,4,609665,6.56098E-06,7.83012E-05,23230713264
Spizella atrogularis,157,157,609665,0.000257518,0.002128241,15079370.86
Spizella breweri,466,466,609665,0.000764354,0.005485372,1711633.168
Spizella passerina,3552,3552,609665,0.00582615,0.029977867,29460.26254
Spragueia funeralis,1,1,609665,1.64025E-06,2.18492E-05,3.71691E+11
Stagmomantis limbata,1,1,609665,1.64025E-06,2.18492E-05,3.71691E+11
Stanleya pinnata,1,1,609665,1.64025E-06,2.18492E-05,3.71691E+11
Staphylus ceos,1,1,609665,1.64025E-06,2.18492E-05,3.71691E+11
Staurothele areolata,2,2,609665,3.28049E-06,4.14244E-05,92922853056
Staurothele elenkinii,1,1,609665,1.64025E-06,2.18492E-05,3.71691E+11
Stelgidopteryx serripennis,3996,3996,609665,0.006554419,0.032953101,23277.24448
Sterna forsteri,25,25,609665,4.10061E-05,0.000414235,594706259.6
Streptopelia decaocto,2968,2968,609665,0.004868247,0.025923521,42194.39205
Strymon melinus,2,2,609665,3.28049E-06,4.14244E-05,92922853056
Sturnella magna,124,124,609665,0.00020339,0.001728896,24173478.94
Sturnella neglecta,2320,2320,609665,0.003805369,0.021201011,69056.81708
Sturnus vulgaris,10686,10686,609665,0.017527659,0.070881416,3255.008952
Sylvilagus audubonii,1,1,609665,1.64025E-06,2.18492E-05,3.71691E+11
Sympetrum corruptum,6,6,609665,9.84147E-06,0.000113461,10324761451
Syringa vulgaris,3,3,609665,4.92074E-06,6.01415E-05,41299045803
Tachycineta bicolor,461,461,609665,0.000756153,0.005434673,1748963.219
Tachycineta thalassina,11896,11896,609665,0.019512355,0.076814433,2626.519418
Tamias dorsalis,1,1,609665,1.64025E-06,2.18492E-05,3.71691E+11
Tamiasciurus hudsonicus,2,2,609665,3.28049E-06,4.14244E-05,92922853056
Tapinoma sessile,1,1,609665,1.64025E-06,2.18492E-05,3.71691E+11
Taxidea taxus,1,1,609665,1.64025E-06,2.18492E-05,3.71691E+11
Telebasis salva,3,3,609665,4.92074E-06,6.01415E-05,41299045803
Temnothorax rugatulus,13,13,609665,2.13232E-05,0.000229346,2199357469
Tephrocybe anthracophila,1,1,609665,1.64025E-06,2.18492E-05,3.71691E+11
Tephromela atra,3,3,609665,4.92074E-06,6.01415E-05,41299045803
Tetramelas chloroleucus,2,2,609665,3.28049E-06,4.14244E-05,92922853056
Thalictrum fendleri,2,2,609665,3.28049E-06,4.14244E-05,92922853056
Thallinocarpon nigritellum,1,1,609665,1.64025E-06,2.18492E-05,3.71691E+11
Thamnophis cyrtopsis,3,3,609665,4.92074E-06,6.01415E-05,41299045803
Thamnophis elegans,5,5,609665,8.20123E-06,9.60464E-05,14867656489
Thamnophis rufipunctatus,3,3,609665,4.92074E-06,6.01415E-05,41299045803
Thermonectus marmoratus,3,3,609665,4.92074E-06,6.01415E-05,41299045803
Thermopsis montana,4,4,609665,6.56098E-06,7.83012E-05,23230713264
Thomomys bottae,2,2,609665,3.28049E-06,4.14244E-05,92922853056
Thorybes pylades,1,1,609665,1.64025E-06,2.18492E-05,3.71691E+11
Thryomanes bewickii,3950,3950,609665,0.006478968,0.032648777,23822.55486
Thymophylla acerosa,3,3,609665,4.92074E-06,6.01415E-05,41299045803
Thysanocarpus curvipes,3,3,609665,4.92074E-06,6.01415E-05,41299045803
Tiquilia canescens,1,1,609665,1.64025E-06,2.18492E-05,3.71691E+11
Toninia candida,1,1,609665,1.64025E-06,2.18492E-05,3.71691E+11
Toninia sedifolia,1,1,609665,1.64025E-06,2.18492E-05,3.71691E+11
Toninia subdiffracta,2,2,609665,3.28049E-06,4.14244E-05,92922853056
Toninia weberi,2,2,609665,3.28049E-06,4.14244E-05,92922853056
Townsendia exscapa,1,1,609665,1.64025E-06,2.18492E-05,3.71691E+11
Toxicodendron rydbergii,1,1,609665,1.64025E-06,2.18492E-05,3.71691E+11
Toxostoma bendirei,5,5,609665,8.20123E-06,9.60464E-05,14867656489
Toxostoma crissale,304,304,609665,0.000498634,0.003791436,4021937.892
Toxostoma curvirostre,66,66,609665,0.000108256,0.000988488,85328607.03
Tradescantia occidentalis,5,5,609665,8.20123E-06,9.60464E-05,14867656489
Tragopogon dubius,1,1,609665,1.64025E-06,2.18492E-05,3.71691E+11
Tragopogon porrifolius,1,1,609665,1.64025E-06,2.18492E-05,3.71691E+11
Tramea lacerata,1,1,609665,1.64025E-06,2.18492E-05,3.71691E+11
Trapeliopsis granulosa,1,1,609665,1.64025E-06,2.18492E-05,3.71691E+11
Tremex columba,1,1,609665,1.64025E-06,2.18492E-05,3.71691E+11
Tribulus terrestris,2,2,609665,3.28049E-06,4.14244E-05,92922853056
Trifolium repens,2,2,609665,3.28049E-06,4.14244E-05,92922853056
Trimerotropis pallidipennis,9,9,609665,1.47622E-05,0.000164207,4588782867
Tringa flavipes,59,59,609665,9.67745E-05,0.000894499,106777194
Tringa melanoleuca,57,57,609665,9.3494E-05,0.000867401,114401788.9
Tringa solitaria,21,21,609665,3.44451E-05,0.000353963,842837669.4
Triodanis perfoliata,1,1,609665,1.64025E-06,2.18492E-05,3.71691E+11
Triteleia lemmoniae,4,4,609665,6.56098E-06,7.83012E-05,23230713264
Triticum aestivum,1,1,609665,1.64025E-06,2.18492E-05,3.71691E+11
Troglodytes aedon,2090,2090,609665,0.003428112,0.019457092,85092.2397
Troglodytes hiemalis,3,3,609665,4.92074E-06,6.01415E-05,41299045803
Troglodytes pacificus,15,15,609665,2.46037E-05,0.000261109,1651961832
Tulipa gesneriana,1,1,609665,1.64025E-06,2.18492E-05,3.71691E+11
Turdus migratorius,11514,11514,609665,0.018885782,0.0749642,2803.690543
Typha domingensis,1,1,609665,1.64025E-06,2.18492E-05,3.71691E+11
Tyrannus tyrannus,9,9,609665,1.47622E-05,0.000164207,4588782867
Tyrannus verticalis,664,664,609665,0.001089123,0.007430412,843036.4808
Tyrannus vociferans,475,475,609665,0.000779116,0.005576409,1647385.761
Ulmus pumila,1,1,609665,1.64025E-06,2.18492E-05,3.71691E+11
Urosaurus ornatus,36,36,609665,5.90488E-05,0.000574967,286798929.2
Ursus americanus,2,2,609665,3.28049E-06,4.14244E-05,92922853056
Usnea hirta,1,1,609665,1.64025E-06,2.18492E-05,3.71691E+11
Uta stansburiana,4,4,609665,6.56098E-06,7.83012E-05,23230713264
Vahliella californica,1,1,609665,1.64025E-06,2.18492E-05,3.71691E+11
Vahliella leucophaea,1,1,609665,1.64025E-06,2.18492E-05,3.71691E+11
Vanessa atalanta,1,1,609665,1.64025E-06,2.18492E-05,3.71691E+11
Vanessa cardui,4,4,609665,6.56098E-06,7.83012E-05,23230713264
Verbascum thapsus,12,12,609665,1.96829E-05,0.00021328,2581190363
Verbena bracteata,1,1,609665,1.64025E-06,2.18492E-05,3.71691E+11
Verbesina encelioides,3,3,609665,4.92074E-06,6.01415E-05,41299045803
Veronica peregrina,1,1,609665,1.64025E-06,2.18492E-05,3.71691E+11
Verrucaria bernaicensis,1,1,609665,1.64025E-06,2.18492E-05,3.71691E+11
Verrucaria muralis,1,1,609665,1.64025E-06,2.18492E-05,3.71691E+11
Verrucaria viridula,1,1,609665,1.64025E-06,2.18492E-05,3.71691E+11
Vesper multinervatus,3,3,609665,4.92074E-06,6.01415E-05,41299045803
Vespula pensylvanica,1,1,609665,1.64025E-06,2.18492E-05,3.71691E+11
Vicia americana,2,2,609665,3.28049E-06,4.14244E-05,92922853056
Vinca major,5,5,609665,8.20123E-06,9.60464E-05,14867656489
Viola canadensis,8,8,609665,1.3122E-05,0.000147507,5807678316
Vireo bellii,496,496,609665,0.000813562,0.005787749,1510842.434
Vireo cassinii,111,111,609665,0.000182067,0.001567805,30167308.84
Vireo flavifrons,46,46,609665,7.54513E-05,0.000716185,175657567.2
Vireo gilvus,545,545,609665,0.000893934,0.006275305,1251380.901
Vireo griseus,26,26,609665,4.26464E-05,0.000429132,549839367.2
Vireo huttoni,276,276,609665,0.000452708,0.003485968,4879376.867
Vireo plumbeus,758,758,609665,0.001243306,0.008317692,646910.3742
Vireo vicinior,48,48,609665,7.87318E-05,0.000743973,161324397.7
Vitis arizonica,5,5,609665,8.20123E-06,9.60464E-05,14867656489
Vulpia octoflora,3,3,609665,4.92074E-06,6.01415E-05,41299045803
Wilcoxius mydas,1,1,609665,1.64025E-06,2.18492E-05,3.71691E+11
Xanthisma gracile,1,1,609665,1.64025E-06,2.18492E-05,3.71691E+11
Xanthisma gracilis,1,1,609665,1.64025E-06,2.18492E-05,3.71691E+11
Xanthisma spinulosum,5,5,609665,8.20123E-06,9.60464E-05,14867656489
Xanthium strumarium,2,2,609665,3.28049E-06,4.14244E-05,92922853056
Xanthocephalus xanthocephalus,1654,1654,609665,0.002712965,0.016032846,135866.2274
Xanthoparmelia coloradoensis,1,1,609665,1.64025E-06,2.18492E-05,3.71691E+11
Xanthoparmelia lavicola,1,1,609665,1.64025E-06,2.18492E-05,3.71691E+11
Xanthoparmelia novomexicana,1,1,609665,1.64025E-06,2.18492E-05,3.71691E+11
Xanthoparmelia psoromifera,1,1,609665,1.64025E-06,2.18492E-05,3.71691E+11
Xanthoria fallax,12,12,609665,1.96829E-05,0.00021328,2581190363
Xerospermophilus tereticaudus,1,1,609665,1.64025E-06,2.18492E-05,3.71691E+11
Xylocopa californica,2,2,609665,3.28049E-06,4.14244E-05,92922853056
Xyloryctes thestalus,11,11,609665,1.80427E-05,0.000197076,3071829853
Yucca baccata,30,30,609665,4.92074E-05,0.000488111,412990458
Yucca elata,16,16,609665,2.62439E-05,0.000276823,1451919579
Zelus tetracanthus,1,1,609665,1.64025E-06,2.18492E-05,3.71691E+11
Zenaida asiatica,290,290,609665,0.000475671,0.003639257,4419636.293
Zenaida macroura,11050,11050,609665,0.018124708,0.072688764,3044.093382
Zerene cesonia,1,1,609665,1.64025E-06,2.18492E-05,3.71691E+11
Zonotrichia albicollis,113,113,609665,0.000185348,0.001592744,29108889.67
Zonotrichia atricapilla,5,5,609665,8.20123E-06,9.60464E-05,14867656489
Zonotrichia leucophrys,22353,22353,609665,0.036664398,0.121210632,743.8937173
Zonotrichia querula,29,29,609665,4.75671E-05,0.000473453,441963629.3
Grand Total,609665,,,,4.337133912,1.79699E+14
