gbifID,scientificName,decimalLatitude,decimalLongitude,day,month,year,rain,temp,soil_temp,optical_thickness,transmission_percent
2862562747,"Ursus arctos Linnaeus, 1758",63.646914,-149.069531,23,8,2018,0,21.5,20,0.44256807,64.23846126
2862538159,"Ursus arctos Linnaeus, 1758",60.304133,-152.743698,24,7,2014,12.1,20.4,25.4,0.1545,85.68434921
2862373744,"Ursus arctos Linnaeus, 1758",63.747772,-149.222787,23,8,2018,0,21.5,20,0.44256807,64.23846126
2862347565,"Ursus arctos horribilis Ord, 1815",44.942036,-110.444701,17,7,2010,74.2,19.4,19,0.1385,87.06632513
2862346787,"Ursus arctos Linnaeus, 1758",63.736216,-149.144769,23,8,2018,0,21.5,20,0.44256807,64.23846126
2862344660,"Ursus arctos Linnaeus, 1758",59.336145,-135.56206,19,8,2018,0,21.5,20,0.44256807,64.23846126
2862329649,"Ursus arctos horribilis Ord, 1815",44.621872,-110.575479,14,9,2007,110,20.8,20.6,0.0761,92.67235296
2862328659,"Ursus arctos Linnaeus, 1758",59.330077,-135.558657,19,8,2018,0,21.5,20,0.44256807,64.23846126
2862326639,"Ursus arctos horribilis Ord, 1815",63.02977,-151.114842,12,6,2019,20.5,16.7,16.6,0.053800142,94.76214775
2862313758,"Ursus arctos Linnaeus, 1758",63.711445,-149.213115,23,8,2018,0,21.5,20,0.44256807,64.23846126
2862299525,"Ursus arctos horribilis Ord, 1815",44.985227,-110.58302,18,7,2010,74.2,19.4,19,0.1385,87.06632513
2862297553,"Ursus arctos horribilis Ord, 1815",44.437567,-110.213495,24,7,2010,74.2,19.4,19,0.1385,87.06632513
2860173466,"Ursus arctos horribilis Ord, 1815",48.457257,-114.139831,16,7,2020,2.3,20,19,0.077270456,92.56394745
2860129548,"Ursus arctos horribilis Ord, 1815",48.697943,-113.694799,5,9,2019,33.3,17.1,24.3,0.160055485,85.20965091
2856727451,"Ursus arctos Linnaeus, 1758",58.619777,-155.061035,8,7,2019,7.3,17.6,27.5,0.119081431,88.77355089
2856717156,"Ursus arctos Linnaeus, 1758",63.723597,-149.371095,29,8,2018,0,21.5,20,0.44256807,64.23846126
2856569194,"Ursus arctos Linnaeus, 1758",63.45188,-150.244112,29,8,2018,0,21.5,20,0.44256807,64.23846126
2851323664,"Ursus arctos Linnaeus, 1758",59.534275,-159.704118,4,7,2020,2.3,14.7,19,0.077270456,92.56394745
2850975550,"Ursus arctos Linnaeus, 1758",67.29026,-142.93932,22,9,2016,0,8.7,8.6,-0.2556,101
2850950946,"Ursus arctos Linnaeus, 1758",57.749356,-133.508084,8,7,2010,74.2,18.1,19,0.1385,87.06632513
2850921410,"Ursus arctos horribilis Ord, 1815",48.869675,-113.671023,2,9,2019,33.3,17.1,24.3,0.160055485,85.20965091
2850857523,"Ursus arctos horribilis Ord, 1815",58.44601,-155.779123,23,7,2019,7.3,17.6,27.5,0.119081431,88.77355089
2850782043,"Ursus arctos horribilis Ord, 1815",44.735758,-110.567615,1,9,2018,22.6,19.6,21.8,0.070307175,93.21074562
2850773525,"Ursus arctos horribilis Ord, 1815",58.746918,-136.13854,17,7,2019,7.3,17.6,27.5,0.119081431,88.77355089
2850740049,"Ursus arctos horribilis Ord, 1815",44.923511,-110.248286,3,9,2018,22.6,19.6,21.8,0.070307175,93.21074562
2850717055,"Ursus arctos horribilis Ord, 1815",48.886064,-113.75653,26,8,2019,7.5,20.2,20.2,0.106743575,89.87561072
2850712334,"Ursus arctos horribilis Ord, 1815",48.714039,-113.581174,16,9,2019,33.3,17.1,24.3,0.160055485,85.20965091
2850703987,"Ursus arctos horribilis Ord, 1815",43.705516,-110.627413,10,6,2020,43.7,21.1,16.9,0.077960419,92.50010382
2850680710,"Ursus arctos horribilis Ord, 1815",44.011105,-110.679358,2,6,2014,9.9,16.3,23.7,0.3443,70.87162813
2850664997,"Ursus arctos horribilis Ord, 1815",48.945864,-113.646166,27,8,2019,7.5,20.2,20.2,0.106743575,89.87561072
2850654915,"Ursus arctos horribilis Ord, 1815",44.521823,-110.49862,5,6,2019,42.8,16.6,16.6,0.053800142,94.76214775
2850591248,"Ursus arctos horribilis Ord, 1815",48.741747,-113.530532,16,9,2019,33.3,17.1,24.3,0.160055485,85.20965091
2850579676,"Ursus arctos Linnaeus, 1758",58.555377,-155.791516,28,6,2020,38.7,13.8,16.9,0.077960419,92.50010382
2845569622,"Ursus arctos horribilis Ord, 1815",44.683599,-110.494011,15,8,2019,5.6,20.2,20.2,0.106743575,89.87561072
2845311431,"Ursus arctos horribilis Ord, 1815",44.883568,-110.239942,12,9,2019,37.1,19.9,27.1,0.160055485,85.20965091
2845069333,"Ursus arctos horribilis Ord, 1815",44.909828,-110.228802,11,9,2019,37.1,19.9,27.1,0.160055485,85.20965091
2844836398,"Ursus arctos horribilis Ord, 1815",44.927275,-110.265094,13,9,2019,37.1,19.9,27.1,0.160055485,85.20965091
2843802225,"Ursus arctos horribilis Ord, 1815",44.884165,-110.241672,12,9,2019,37.1,19.9,27.1,0.160055485,85.20965091
2843304350,"Ursus arctos horribilis Ord, 1815",44.678147,-110.470657,13,9,2019,37.1,19.9,27.1,0.160055485,85.20965091
2843213489,"Ursus arctos horribilis Ord, 1815",44.870103,-110.221408,14,9,2019,37.1,19.9,27.1,0.160055485,85.20965091
2843124341,"Ursus arctos horribilis Ord, 1815",44.893177,-110.256135,13,9,2019,37.1,19.9,27.1,0.160055485,85.20965091
2842897888,"Ursus arctos horribilis Ord, 1815",44.683491,-110.493675,17,8,2019,5.6,20.2,20.2,0.106743575,89.87561072
2842298075,"Ursus arctos horribilis Ord, 1815",44.889845,-110.246159,13,9,2019,37.1,19.9,27.1,0.160055485,85.20965091
2842237269,"Ursus arctos horribilis Ord, 1815",44.833484,-110.393037,11,9,2019,37.1,19.9,27.1,0.160055485,85.20965091
2842081756,"Ursus arctos horribilis Ord, 1815",44.683519,-110.493712,17,8,2019,5.6,20.2,20.2,0.106743575,89.87561072
2842059066,"Ursus arctos horribilis Ord, 1815",44.746977,-110.561814,5,5,2019,99.6,11.1,10.6,0.075564104,92.72202898
2841435042,"Ursus arctos Linnaeus, 1758",43.909236,-110.588233,6,6,2016,134.4,18.3,17.3,0.253424582,77.61382776
2840914302,"Ursus arctos horribilis Ord, 1815",44.835779,-110.628662,2,6,2014,6.4,16.2,23.7,0.3443,70.87162813
2840796149,"Ursus arctos horribilis Ord, 1815",44.9037,-110.324483,1,7,2018,33.9,23.5,22.8,0.22358882,79.96438645
2840135025,"Ursus arctos horribilis Ord, 1815",44.617726,-110.555047,13,9,2007,110,20.8,20.6,0.0761,92.67235296
2840082555,"Ursus arctos horribilis Ord, 1815",63.729687,-148.89563,25,6,2004,0.5,14.1,20.1,2.5304,7.962716305
2840069073,"Ursus arctos horribilis Ord, 1815",44.8732,-110.2077,24,9,2017,47.7,14.7,15.7,0.160317639,85.1873158
2839513798,"Ursus arctos Linnaeus, 1758",43.909236,-110.588233,6,6,2016,134.4,18.3,17.3,0.253424582,77.61382776
2838084515,"Ursus arctos horribilis Ord, 1815",59.326009,-135.791702,7,8,2007,240.6,16.5,26.3,0.1097,89.61029259
2837263942,"Ursus arctos horribilis Ord, 1815",44.032131,-110.693176,16,9,2019,37.1,19.9,27.1,0.160055485,85.20965091
2837226741,"Ursus arctos horribilis Ord, 1815",44.683482,-110.49372,17,8,2019,5.6,20.2,20.2,0.106743575,89.87561072
2836237867,"Ursus arctos horribilis Ord, 1815",44.907574,-110.251621,13,6,2016,134.4,18.3,17.3,0.253424582,77.61382776
2835543667,"Ursus arctos horribilis Ord, 1815",63.662905,-150.188255,17,6,2005,17.9,17.7,20.9,0.1241,88.32915073
2834669355,"Ursus arctos horribilis Ord, 1815",44.895132,-110.261675,13,9,2019,37.1,19.9,27.1,0.160055485,85.20965091
2834663137,"Ursus arctos horribilis Ord, 1815",44.8825,-110.250778,13,9,2019,37.1,19.9,27.1,0.160055485,85.20965091
2834624131,"Ursus arctos horribilis Ord, 1815",44.889952,-110.254659,12,9,2019,37.1,19.9,27.1,0.160055485,85.20965091
2834475905,"Ursus arctos horribilis Ord, 1815",44.927352,-110.250088,11,9,2019,37.1,19.9,27.1,0.160055485,85.20965091
2834414577,"Ursus arctos horribilis Ord, 1815",44.671253,-110.47374,23,7,2019,47.9,23.9,27.5,0.119081431,88.77355089
2833401366,"Ursus arctos horribilis Ord, 1815",44.903304,-110.331799,1,7,2018,33.9,23.5,22.8,0.22358882,79.96438645
2833206953,"Ursus arctos horribilis Ord, 1815",44.8749,-110.2092,23,9,2017,47.7,14.7,15.7,0.160317639,85.1873158
2833125279,"Ursus arctos horribilis Ord, 1815",44.7165,-110.7144,25,9,2017,47.7,14.7,15.7,0.160317639,85.1873158
2832975051,"Ursus arctos horribilis Ord, 1815",44.6345,-110.448,24,9,2017,47.7,14.7,15.7,0.160317639,85.1873158
2832656252,"Ursus arctos horribilis Ord, 1815",44.97,-110.71,23,4,2011,211.6,5.9,5.3,0.3593,69.81648705
2832470194,"Ursus arctos horribilis Ord, 1815",63.554752,-150.549088,27,7,2014,12.1,20.4,25.4,0.1545,85.68434921
2826526101,"Ursus arctos horribilis Ord, 1815",59.235695,-152.392433,8,7,2006,0,16.8,22.5,0.1729,84.12217328
2826521416,"Ursus arctos horribilis Ord, 1815",43.951569,-110.591487,24,7,2020,19,26.3,19,0.077270456,92.56394745
2826449278,"Ursus arctos Linnaeus, 1758",63.748937,-149.328311,30,8,2019,7.5,18.4,20.2,0.106743575,89.87561072
2826291696,"Ursus arctos horribilis Ord, 1815",48.31898,-112.555914,20,5,2017,78.2,14,14.3,0.065603638,93.65019846
2826264554,"Ursus arctos Linnaeus, 1758",48.48275,-113.612917,28,7,2020,2.3,20,19,0.077270456,92.56394745
2826179748,"Ursus arctos Linnaeus, 1758",43.600866,-110.644653,23,7,2020,19,26.3,19,0.077270456,92.56394745
2823314529,"Ursus arctos sitkensis Merriam, 1896",57.003928,-135.722275,12,6,2020,38.7,15.3,16.9,0.077960419,92.50010382
2823274412,"Ursus arctos Linnaeus, 1758",44.644261,-110.426544,10,7,2020,19,20,19,0.077270456,92.56394745
2823270376,"Ursus arctos Linnaeus, 1758",44.769137,-110.443298,9,7,2020,19,20,19,0.077270456,92.56394745
2823221623,"Ursus arctos horribilis Ord, 1815",47.93249,-112.387882,21,5,2020,56,12.8,12.6,0.073833771,92.88260784
2823212576,"Ursus arctos sitkensis Merriam, 1896",57.0243,-135.320892,26,6,2020,38.7,15.3,16.9,0.077960419,92.50010382
2823196331,"Ursus arctos Linnaeus, 1758",44.651922,-110.528181,8,7,2020,19,20,19,0.077270456,92.56394745
2823175610,"Ursus arctos sitkensis Merriam, 1896",57.012894,-135.694472,12,6,2020,38.7,15.3,16.9,0.077960419,92.50010382
2823095567,"Ursus arctos Linnaeus, 1758",58.347845,-134.504013,4,7,2020,2.3,17.1,19,0.077270456,92.56394745
2823075098,"Ursus arctos Linnaeus, 1758",57.044946,-135.314788,19,7,2020,2.3,17.1,19,0.077270456,92.56394745
2818840345,"Ursus arctos sitkensis Merriam, 1896",57.145572,-135.734616,2,7,2020,2.3,17.1,19,0.077270456,92.56394745
2818776835,"Ursus arctos horribilis Ord, 1815",44.554939,-110.647751,18,7,2014,12.1,20.4,25.4,0.1545,85.68434921
2818760583,"Ursus arctos Linnaeus, 1758",57.079259,-135.284404,9,7,2020,2.3,17.1,19,0.077270456,92.56394745
2818749794,"Ursus arctos horribilis Ord, 1815",44.926417,-109.515906,10,7,2020,19,20,19,0.077270456,92.56394745
2818733876,"Ursus arctos Linnaeus, 1758",44.626605,-110.483382,10,7,2020,19,20,19,0.077270456,92.56394745
2818664530,"Ursus arctos sitkensis Merriam, 1896",57.168362,-135.72998,1,7,2020,2.3,17.1,19,0.077270456,92.56394745
2818639613,"Ursus arctos Linnaeus, 1758",44.544455,-110.358333,28,6,2018,51.5,17.2,17,0.045730981,95.52989211
2818556874,"Ursus arctos sitkensis Merriam, 1896",57.166314,-135.739119,3,7,2020,2.3,17.1,19,0.077270456,92.56394745
2818518266,"Ursus arctos Linnaeus, 1758",61.707344,-144.123008,18,6,2016,59.2,15.4,4.9,0.037034659,96.36427362
2814463571,"Ursus arctos Linnaeus, 1758",57.442333,-135.730195,5,7,2020,2.3,17.1,19,0.077270456,92.56394745
2814342881,"Ursus arctos Linnaeus, 1758",43.930871,-110.594288,22,6,2020,43.7,21.1,16.9,0.077960419,92.50010382
2814236663,"Ursus arctos Linnaeus, 1758",48.77747,-113.810761,18,3,2020,59.9,6.7,10.5,0.052642229,94.87193764
2814180232,"Ursus arctos horribilis Ord, 1815",44.450211,-110.456538,28,6,2020,43.7,21.1,16.9,0.077960419,92.50010382
2814145766,"Ursus arctos Linnaeus, 1758",63.114803,-151.192595,23,7,2010,74.2,15.4,19,0.1385,87.06632513
2814137123,"Ursus arctos Linnaeus, 1758",57.414123,-135.690566,6,7,2020,2.3,17.1,19,0.077270456,92.56394745
2814066064,"Ursus arctos Linnaeus, 1758",57.38314,-135.689072,6,7,2020,2.3,17.1,19,0.077270456,92.56394745
2814062391,"Ursus arctos Linnaeus, 1758",44.462735,-110.085058,5,7,2020,19,20,19,0.077270456,92.56394745
2814011261,"Ursus arctos Linnaeus, 1758",64.679867,-165.051334,2,9,2016,0,8.7,8.6,0.935,39.25858655
2814005133,"Ursus arctos Linnaeus, 1758",59.97761,-150.535433,28,6,2020,38.7,13.8,16.9,0.077960419,92.50010382
2814001543,"Ursus arctos Linnaeus, 1758",43.93572,-110.764282,30,6,2020,43.7,21.1,16.9,0.077960419,92.50010382
2813925383,"Ursus arctos Linnaeus, 1758",60.230518,-152.734619,28,6,2019,20.5,16.7,16.6,0.070019758,93.23753979
2803126111,"Ursus arctos horribilis Ord, 1815",48.601752,-113.721489,12,6,2020,38.7,16.9,16.9,0.077960419,92.50010382
2803111950,"Ursus arctos Linnaeus, 1758",59.853086,-153.062716,18,7,2018,1.5,15.3,22.8,0.22358882,79.96438645
2803106217,"Ursus arctos horribilis Ord, 1815",48.77363,-114.378073,19,6,2020,38.7,16.9,16.9,0.077960419,92.50010382
2803099346,"Ursus arctos Linnaeus, 1758",63.017199,-151.032688,20,6,2018,0.5,17.2,17,0.045730981,95.52989211
2802928032,"Ursus arctos Linnaeus, 1758",63.709174,-149.489191,20,7,2004,0,16.3,24.5,0.1116,89.44019467
2802855983,"Ursus arctos Linnaeus, 1758",60.049602,-149.447034,17,7,2004,0,16.3,24.5,0.1116,89.44019467
2802827420,"Ursus arctos Linnaeus, 1758",63.114803,-151.192595,18,6,2018,0.5,17.2,17,0.045730981,95.52989211
2802826039,"Ursus arctos Linnaeus, 1758",63.13936,-151.027907,20,6,2018,0.5,17.2,17,0.045730981,95.52989211
2802820970,"Ursus arctos horribilis Ord, 1815",44.71007,-110.491949,10,9,2019,37.1,19.9,27.1,0.160055485,85.20965091
2802766960,"Ursus arctos horribilis Ord, 1815",48.775192,-113.796379,20,7,2018,33.9,21.5,22.8,0.22358882,79.96438645
2802725465,"Ursus arctos Linnaeus, 1758",57.084708,-135.277054,16,6,2020,38.7,15.3,16.9,0.077960419,92.50010382
2802590529,"Ursus arctos Linnaeus, 1758",58.554784,-155.791873,7,7,2019,7.3,17.6,27.5,0.119081431,88.77355089
2802563859,"Ursus arctos Linnaeus, 1758",44.867339,-110.218751,6,6,2020,43.7,16.9,16.9,0.077960419,92.50010382
2641506508,"Ursus arctos Linnaeus, 1758",57.074146,-135.287389,16,5,2020,21.6,13.7,12.6,0.073833771,92.88260784
2641356877,"Ursus arctos horribilis Ord, 1815",43.970794,-110.544246,31,5,2020,44,18.1,12.6,0.082793706,92.05410301
2641346146,"Ursus arctos horribilis Ord, 1815",48.634491,-113.512183,14,8,2019,7.5,20.2,20.2,0.106743575,89.87561072
2641324712,"Ursus arctos horribilis Ord, 1815",60.118596,-150.345449,2,9,2013,32890.1,8.8,21,0.1954,82.250559
2634852412,"Ursus arctos Linnaeus, 1758",37.8,-119.5,10,10,2019,0,17,21,0.138774188,87.04245586
2634567960,"Ursus arctos Linnaeus, 1758",63.314451,-151.078146,1,7,2018,1.5,15.3,22.8,0.22358882,79.96438645
2634558991,"Ursus arctos Linnaeus, 1758",59.852227,-150.093714,1,7,2018,1.5,15.3,22.8,0.22358882,79.96438645
2634498813,"Ursus arctos horribilis Ord, 1815",44.128858,-110.738112,26,5,2020,44,18.1,12.6,0.082793706,92.05410301
2634315352,"Ursus arctos horribilis Ord, 1815",44.558503,-110.132495,29,5,2020,44,12.8,12.6,0.082793706,92.05410301
2634261935,"Ursus arctos Linnaeus, 1758",58.327945,-152.64146,2,9,2016,0,12,8.6,0.935,39.25858655
2634252471,"Ursus arctos Linnaeus, 1758",44.75858,-111.047515,5,7,2014,12.1,20.4,25.4,0.1545,85.68434921
2634222967,"Ursus arctos Linnaeus, 1758",58.327945,-152.64146,1,9,2016,0,12,8.6,0.935,39.25858655
2634012991,"Ursus arctos Linnaeus, 1758",58.348949,-154.133003,7,9,2016,0,12,8.6,0.935,39.25858655
2633988933,"Ursus arctos Linnaeus, 1758",58.612563,-155.063105,12,8,2019,7.5,18.4,20.2,0.205045731,81.46100625
2626629528,"Ursus arctos horribilis Ord, 1815",63.585336,-149.909342,8,9,2019,33.3,15.7,24.3,0.160055485,85.20965091
2626620605,"Ursus arctos horribilis Ord, 1815",44.505815,-110.590863,27,5,2010,129.5,14.9,16.5,0.1147,89.16335939
2626527518,"Ursus arctos horribilis Ord, 1815",44.6699,-110.766002,2,7,2019,47.9,23.9,27.5,0.119081431,88.77355089
2626497364,"Ursus arctos Linnaeus, 1758",60.921898,-151.289062,17,7,2019,7.3,17.6,27.5,0.119081431,88.77355089
2626469925,"Ursus arctos horribilis Ord, 1815",44.53205,-110.05113,22,7,2010,74.2,19.4,19,0.1385,87.06632513
2626250168,"Ursus arctos Linnaeus, 1758",59.11075,-155.409934,1,9,2011,76.5,10.9,19,0.0582,94.34612363
2626232497,"Ursus arctos horribilis Ord, 1815",44.999335,-110.656741,9,8,2018,12.7,20.7,20,0.44256807,64.23846126
2626196503,"Ursus arctos Linnaeus, 1758",57.343094,-134.965308,18,9,2016,0,12,8.6,0.935,39.25858655
2626168500,"Ursus arctos horribilis Ord, 1815",45.098779,-110.958127,25,10,2019,12.4,3.5,5.9,0.062967076,93.89743882
2626151828,"Ursus arctos Linnaeus, 1758",58.416354,-154.060188,4,9,2019,33.3,15.7,24.3,0.148787469,86.17522448
2626110402,"Ursus arctos Linnaeus, 1758",57.164029,-135.747276,6,8,2019,7.5,18.4,20.2,0.106743575,89.87561072
2620134043,"Ursus arctos Linnaeus, 1758",58.425576,-154.863335,11,7,2018,1.5,15.3,22.8,0.22358882,79.96438645
2620132062,"Ursus arctos Linnaeus, 1758",58.614544,-155.003875,2,9,2018,0,16.9,23.5,0.054988376,94.64961504
2619969260,"Ursus arctos sitkensis Merriam, 1896",57.025062,-135.634946,4,10,2015,38.1,14.1,19.6,0.0144,98.57031841
2619934790,"Ursus arctos horribilis Ord, 1815",63.486556,-150.343948,3,9,2014,31,17.8,6.5,0.0726,92.99727447
2611275927,"Ursus arctos horribilis Ord, 1815",44.482507,-110.479157,30,9,2017,47.7,14.7,15.7,0.160317639,85.1873158
2609304039,"Ursus arctos Linnaeus, 1758",57.053291,-135.313324,17,10,2017,83.1,11.4,17.3,0.037841622,96.28654258
2609269791,"Ursus arctos horribilis Ord, 1815",62.754208,-150.088252,1,6,2016,59.2,15.4,4.9,0.037034659,96.36427362
2609191490,"Ursus arctos Linnaeus, 1758",44.401232,-110.416433,9,6,2019,42.8,16.6,16.6,0.053800142,94.76214775
2609181875,"Ursus arctos Linnaeus, 1758",44.469753,-110.689829,8,4,2020,6.8,11.5,15.1,0.097743011,90.68819325
2609171681,"Ursus arctos horribilis Ord, 1815",63.183729,-151.12049,24,8,2018,0,21.5,20,0.44256807,64.23846126
2609123652,"Ursus arctos horribilis Ord, 1815",44.257154,-109.535327,11,1,2020,30.1,2.2,-1,0.043830897,95.71157948
2609069543,"Ursus arctos Linnaeus, 1758",58.421466,-135.443587,21,8,2018,0,21.5,20,0.44256807,64.23846126
2603517468,"Ursus arctos horribilis Ord, 1815",48.722345,-113.721539,25,7,2018,33.9,21.5,22.8,0.22358882,79.96438645
2603401792,"Ursus arctos horribilis Ord, 1815",60.541007,-143.179509,17,9,2018,0,16.9,23.5,0.070307175,93.21074562
2603340320,"Ursus arctos Linnaeus, 1758",44.82169,-110.314928,20,6,2019,42.8,16.6,16.6,0.053800142,94.76214775
2597922925,"Ursus arctos horribilis Ord, 1815",44.181765,-110.796813,14,7,2018,33.9,23.5,22.8,0.22358882,79.96438645
2597845007,"Ursus arctos horribilis Ord, 1815",44.800086,-110.735372,2,6,2014,6.4,16.2,23.7,0.3443,70.87162813
2597762015,"Ursus arctos horribilis Ord, 1815",63.06563,-151.083621,23,8,2018,0,21.5,20,0.44256807,64.23846126
2596433244,"Ursus arctos horribilis Ord, 1815",48.70458,-113.629776,21,8,2019,7.5,20.2,20.2,0.106743575,89.87561072
2596383939,"Ursus arctos Linnaeus, 1758",59.096071,-135.386269,13,8,2018,0,21.5,20,0.44256807,64.23846126
2596382292,"Ursus arctos horribilis Ord, 1815",63.05983,-151.184411,3,6,2019,20.5,16.7,16.6,0.053800142,94.76214775
2596380275,"Ursus arctos Linnaeus, 1758",44.039278,-110.661811,31,7,2018,33.9,23.5,22.8,0.22358882,79.96438645
2596293609,"Ursus arctos Linnaeus, 1758",58.704708,-136.526658,20,7,2019,7.3,17.6,27.5,0.119081431,88.77355089
2596254541,"Ursus arctos Linnaeus, 1758",70.086094,-145.841899,27,6,2006,17.2,14.3,22.9,0.0792,92.38551349
2596237739,"Ursus arctos Linnaeus, 1758",57.01019,-135.155824,22,3,2020,59.9,6.1,10.5,0.052642229,94.87193764
2596102351,"Ursus arctos Linnaeus, 1758",70.121804,-145.841184,27,6,2005,5,17.7,20.9,0.1241,88.32915073
2596048924,"Ursus arctos horribilis Ord, 1815",48.739928,-113.720226,1,9,2019,33.3,17.1,24.3,0.160055485,85.20965091
2580088540,"Ursus arctos horribilis Ord, 1815",63.579321,-150.558438,15,7,2018,1.5,15.3,22.8,0.22358882,79.96438645
2579382491,"Ursus arctos horribilis Ord, 1815",63.44495,-150.512565,12,8,2019,7.5,18.4,20.2,0.106743575,89.87561072
2579372783,"Ursus arctos Linnaeus, 1758",59.803383,-161.505998,10,7,2019,7.3,17.6,27.5,0.119081431,88.77355089
2579273772,"Ursus arctos Linnaeus, 1758",58.177708,-136.32973,14,6,2016,59.2,15.4,4.9,0.253424582,77.61382776
2576497031,"Ursus arctos horribilis Ord, 1815",48.964676,-113.652283,18,8,2018,0,20.7,20,0.44256807,64.23846126
2576458008,"Ursus arctos horribilis Ord, 1815",63.25192,-150.770505,9,7,2019,7.3,17.6,27.5,0.119081431,88.77355089
2576433949,"Ursus arctos horribilis Ord, 1815",63.613854,-149.557055,18,8,2018,0,21.5,20,0.44256807,64.23846126
2576428809,"Ursus arctos Linnaeus, 1758",57.584923,-134.088101,20,9,2016,0,12,8.6,0.935,39.25858655
2576352854,"Ursus arctos Linnaeus, 1758",58.318271,-136.535164,15,6,2016,59.2,15.4,4.9,0.253424582,77.61382776
2576352853,"Ursus arctos Linnaeus, 1758",58.318471,-136.540652,15,6,2016,59.2,15.4,4.9,0.253424582,77.61382776
2576344868,"Ursus arctos horribilis Ord, 1815",44.577202,-110.512453,11,6,2019,42.8,16.6,16.6,0.053800142,94.76214775
2576310363,"Ursus arctos Linnaeus, 1758",58.448651,-154.850804,2,7,2002,64,14.7,26.3,0.8115,44.41912793
2576296756,"Ursus arctos Linnaeus, 1758",44.584157,-110.553629,21,7,2019,47.9,23.9,27.5,0.119081431,88.77355089
2576289743,"Ursus arctos horribilis Ord, 1815",44.927928,-111.018977,26,7,2019,47.9,23.9,27.5,0.119081431,88.77355089
2576269135,"Ursus arctos Linnaeus, 1758",57.150652,-135.570935,3,4,2016,0.2,6,6.1,0.042227432,95.8651728
2574254567,"Ursus arctos horribilis Ord, 1815",55.085759,-162.667109,24,9,2008,130,20.5,19.7,0.1742,84.01288551
2574252682,"Ursus arctos horribilis Ord, 1815",59.249094,-135.461327,15,9,2008,130,20.5,19.7,0.1742,84.01288551
2574144683,"Ursus arctos horribilis Ord, 1815",63.491458,-149.726139,30,7,2019,7.3,17.6,27.5,0.119081431,88.77355089
2574093201,"Ursus arctos horribilis Ord, 1815",63.563542,-150.248695,4,9,2011,76.5,10.9,19,0.0582,94.34612363
2574091121,"Ursus arctos horribilis Ord, 1815",63.402617,-150.370876,4,9,2011,76.5,10.9,19,0.0582,94.34612363
2574014436,"Ursus arctos horribilis Ord, 1815",55.484654,-162.309511,13,9,2007,110,20.8,20.6,0.0761,92.67235296
2573952065,"Ursus arctos horribilis Ord, 1815",45.13527,-110.774142,12,7,2019,47.9,23.9,27.5,0.119081431,88.77355089
2573929026,"Ursus arctos Linnaeus, 1758",57.064436,-135.603807,19,7,2014,12.1,20.4,25.4,0.1545,85.68434921
2573913530,"Ursus arctos horribilis Ord, 1815",63.413787,-149.797839,30,7,2019,7.3,17.6,27.5,0.119081431,88.77355089
2573872102,"Ursus arctos Linnaeus, 1758",64.404803,-147.267727,4,9,2011,76.5,10.9,19,0.0582,94.34612363
2572301832,"Ursus arctos Linnaeus, 1758",44.20838,-109.547699,26,9,2016,117.8,13.8,13.8,0.935,39.25858655
2563635654,"Ursus arctos Linnaeus, 1758",57.065912,-135.585477,25,9,2016,0,12,8.6,0.935,39.25858655
2563609164,"Ursus arctos Linnaeus, 1758",59.235833,-135.445,9,10,2019,37.1,6.3,6.7,0.062967076,93.89743882
2563608893,"Ursus arctos horribilis Ord, 1815",48.781088,-113.767629,3,8,2019,7.5,20.2,20.2,0.106743575,89.87561072
2563563284,"Ursus arctos Linnaeus, 1758",57.130917,-135.569368,9,10,2016,13.4,0.6,2.6,0.133251682,87.52447809
2557796913,"Ursus arctos horribilis Ord, 1815",43.97538,-110.145426,11,7,2014,12.1,21.8,25.4,0.1545,85.68434921
2557789622,"Ursus arctos Linnaeus, 1758",58.470097,-136.041804,26,5,2019,7.1,9.6,10.6,0.075564104,92.72202898
2557780786,"Ursus arctos horribilis Ord, 1815",44.174961,-110.709042,11,6,2014,9.9,16.3,23.7,0.3443,70.87162813
2557741576,"Ursus arctos Linnaeus, 1758",59.235833,-135.445,11,10,2019,37.1,6.3,6.7,0.062967076,93.89743882
2550162270,"Ursus arctos horribilis Ord, 1815",44.5523,-110.882844,15,5,2008,135.5,16.9,17.5,0.2146,80.68641213
2550132187,"Ursus arctos Linnaeus, 1758",67.210049,-163.66095,2,7,2014,12.1,20.4,25.4,0.1545,85.68434921
2550127273,"Ursus arctos horribilis Ord, 1815",44.931993,-110.651405,5,5,2009,145,16.4,27.3,0.0742,92.84859781
2550123945,"Ursus arctos Linnaeus, 1758",67.270252,-163.462963,12,6,2014,6.4,16.2,23.7,0.3443,70.87162813
2550114806,"Ursus arctos horribilis Ord, 1815",44.876327,-111.098753,4,5,2010,129.5,11.5,16.5,0.1147,89.16335939
2550049046,"Ursus arctos horribilis Ord, 1815",44.562972,-110.499163,19,5,2008,135.5,16.9,17.5,0.2146,80.68641213
2550037995,"Ursus arctos horribilis Ord, 1815",44.44316,-110.871332,8,5,2008,135.5,16.9,17.5,0.2146,80.68641213
2550037053,"Ursus arctos horribilis Ord, 1815",44.517746,-110.558992,10,5,2009,145,16.4,27.3,0.0742,92.84859781
2550027095,"Ursus arctos horribilis Ord, 1815",44.799162,-110.456121,1,7,2010,74.2,19.4,19,0.1385,87.06632513
2550025846,"Ursus arctos horribilis Ord, 1815",44.81798,-110.707278,9,5,2010,129.5,11.5,16.5,0.1147,89.16335939
2550024999,"Ursus arctos horribilis Ord, 1815",44.494692,-110.469756,21,5,2008,135.5,16.9,17.5,0.2146,80.68641213
2550019838,"Ursus arctos horribilis Ord, 1815",44.599246,-110.572455,16,5,2009,145,16.4,27.3,0.0742,92.84859781
2550004164,"Ursus arctos horribilis Ord, 1815",44.728984,-110.642435,24,5,2018,98.5,15.9,15.2,0.101532044,90.34522285
2549988305,"Ursus arctos horribilis Ord, 1815",44.872127,-110.710318,28,5,2008,135.5,16.9,17.5,0.2146,80.68641213
2543040593,"Ursus arctos Linnaeus, 1758",68.023135,-162.316647,7,11,2016,46.2,-13.1,-1.8,0.023639088,97.6638127
2543040540,"Ursus arctos Linnaeus, 1758",68.018262,-162.323514,7,11,2016,46.2,-13.1,-1.8,0.023639088,97.6638127
2543020953,"Ursus arctos horribilis Ord, 1815",44.562565,-110.562658,12,6,2018,51.5,17.2,17,0.045730981,95.52989211
2542912140,"Ursus arctos horribilis Ord, 1815",43.601149,-110.465329,9,11,2019,5.2,5.8,2.7,0.550813779,57.6480492
2540871588,"Ursus arctos horribilis Ord, 1815",44.466998,-110.907032,29,9,2019,37.1,19.9,27.1,0.160055485,85.20965091
2540862114,"Ursus arctos Linnaeus, 1758",57.078086,-135.285472,1,11,2015,93.4,6.1,-0.9,0.5676,56.68843298
2518029545,"Ursus arctos Linnaeus, 1758",57.493847,-135.545768,8,6,2019,20.5,15.4,16.6,0.053800142,94.76214775
2518001412,"Ursus arctos Linnaeus, 1758",63.486398,-150.122037,19,7,2019,7.3,17.6,27.5,0.119081431,88.77355089
2465144892,"Ursus arctos horribilis Ord, 1815",48.659931,-113.750801,8,8,2018,0,20.7,20,0.44256807,64.23846126
2465131546,"Ursus arctos Linnaeus, 1758",57.151502,-135.594522,1,6,2019,20.5,15.4,16.6,0.053800142,94.76214775
2460075690,"Ursus arctos Linnaeus, 1758",57.903903,-134.284165,16,8,2018,0,21.5,20,0.44256807,64.23846126
2460044455,"Ursus arctos Linnaeus, 1758",63.114799,-151.192799,30,7,2019,7.3,17.6,27.5,0.119081431,88.77355089
2460037383,"Ursus arctos Linnaeus, 1758",58.448651,-154.850804,2,7,2002,64,14.7,26.3,0.8115,44.41912793
2460023256,"Ursus arctos Linnaeus, 1758",63.432476,-150.29664,5,9,2019,33.3,15.7,24.3,0.160055485,85.20965091
2451723594,"Ursus arctos horribilis Ord, 1815",44.466809,-110.483899,30,10,2019,12.4,8.1,5.9,0.062967076,93.89743882
2451591702,"Ursus arctos sitkensis Merriam, 1896",57.306569,-135.791106,12,8,2019,7.5,18.4,20.2,0.106743575,89.87561072
2451588929,"Ursus arctos Linnaeus, 1758",57.059986,-135.327907,16,8,2019,7.5,18.4,20.2,0.106743575,89.87561072
2451586849,"Ursus arctos Linnaeus, 1758",59.610184,-135.144958,20,6,2019,20.5,16.7,16.6,0.053800142,94.76214775
2451586811,"Ursus arctos horribilis Ord, 1815",44.096779,-110.654255,17,7,2019,47.9,23.9,27.5,0.119081431,88.77355089
2451586323,"Ursus arctos sitkensis Merriam, 1896",57.024819,-135.229661,11,6,2019,20.5,15.4,16.6,0.053800142,94.76214775
2451585375,"Ursus arctos Linnaeus, 1758",57.094576,-135.35235,7,7,2019,7.3,17.6,27.5,0.119081431,88.77355089
2451584013,"Ursus arctos Linnaeus, 1758",64.636017,-165.301387,16,6,2019,20.5,16.7,16.6,0.053800142,94.76214775
2451582206,"Ursus arctos Linnaeus, 1758",60.497516,-149.952347,15,9,2013,32890.1,8.8,21,0.1954,82.250559
2451582195,"Ursus arctos Linnaeus, 1758",60.497298,-149.952476,15,9,2013,32890.1,8.8,21,0.1954,82.250559
2445129557,"Ursus arctos horribilis Ord, 1815",44.841651,-110.396178,1,10,2019,12.4,3.5,5.9,0.062967076,93.89743882
2445123479,"Ursus arctos horribilis Ord, 1815",44.829895,-110.382704,22,8,2019,5.6,20.2,20.2,0.106743575,89.87561072
2445093518,"Ursus arctos horribilis Ord, 1815",44.725873,-110.921727,29,9,2019,37.1,19.9,27.1,0.160055485,85.20965091
2445091292,"Ursus arctos horribilis Ord, 1815",44.890326,-110.995809,24,9,2016,117.8,13.8,13.8,0.935,39.25858655
2445030461,"Ursus arctos Linnaeus, 1758",44.541744,-110.976986,18,10,2019,12.4,8.1,5.9,0.062967076,93.89743882
2444979456,"Ursus arctos horribilis Ord, 1815",44.116298,-110.731778,17,7,2019,47.9,23.9,27.5,0.119081431,88.77355089
2444967463,"Ursus arctos horribilis Ord, 1815",44.748473,-110.522844,27,9,2019,37.1,19.9,27.1,0.160055485,85.20965091
2444963572,"Ursus arctos horribilis Ord, 1815",44.549165,-110.409424,18,6,2019,42.8,16.6,16.6,0.053800142,94.76214775
2429628366,"Ursus arctos Linnaeus, 1758",59.304246,-135.539684,8,8,2019,7.5,18.4,20.2,0.106743575,89.87561072
2429627285,"Ursus arctos Linnaeus, 1758",63.279208,-150.953772,16,9,2019,33.3,15.7,24.3,0.160055485,85.20965091
2429610163,"Ursus arctos horribilis Ord, 1815",44.464059,-110.001221,11,10,2019,12.4,3.5,5.9,0.062967076,93.89743882
2429520582,"Ursus arctos horribilis Ord, 1815",59.234346,-135.428295,6,9,2019,33.3,15.7,24.3,0.160055485,85.20965091
2429409515,"Ursus arctos horribilis Ord, 1815",44.607902,-110.820576,29,9,2019,37.1,19.9,27.1,0.160055485,85.20965091
2429374600,"Ursus arctos horribilis Ord, 1815",48.616056,-113.740773,5,9,2017,47.7,14.7,15.7,0.160317639,85.1873158
2429340273,"Ursus arctos horribilis Ord, 1815",44.962627,-110.374507,1,10,2019,12.4,3.5,5.9,0.062967076,93.89743882
2429311565,"Ursus arctos horribilis Ord, 1815",44.830297,-110.312207,29,9,2019,37.1,19.9,27.1,0.160055485,85.20965091
2429287594,"Ursus arctos horribilis Ord, 1815",44.622047,-110.918811,28,9,2019,37.1,19.9,27.1,0.160055485,85.20965091
2429277423,"Ursus arctos horribilis Ord, 1815",44.595224,-110.924216,27,9,2019,37.1,19.9,27.1,0.160055485,85.20965091
2423247400,"Ursus arctos horribilis Ord, 1815",44.549919,-110.309546,26,9,2019,37.1,19.9,27.1,0.160055485,85.20965091
2423216334,"Ursus arctos Linnaeus, 1758",44.615177,-110.404841,17,8,2019,5.6,20.2,20.2,0.106743575,89.87561072
2423210929,"Ursus arctos Linnaeus, 1758",59.327221,-135.561386,17,9,2019,33.3,15.7,24.3,0.160055485,85.20965091
2423116248,"Ursus arctos horribilis Ord, 1815",68.156279,-146.907644,13,8,2019,7.5,18.4,20.2,0.106743575,89.87561072
2423114930,"Ursus arctos horribilis Ord, 1815",68.087014,-147.102062,8,9,2019,33.3,15.7,24.3,0.160055485,85.20965091
2423101141,"Ursus arctos Linnaeus, 1758",58.930903,-136.760012,26,8,2019,7.5,18.4,20.2,0.106743575,89.87561072
2423033408,"Ursus arctos horribilis Ord, 1815",63.488436,-150.323967,12,9,2007,110,20.8,7.5,0.0761,92.67235296
2423012150,"Ursus arctos horribilis Ord, 1815",63.040385,-151.039395,14,8,2019,7.5,18.4,20.2,0.106743575,89.87561072
2423000096,"Ursus arctos sitkensis Merriam, 1896",57.312819,-135.780931,12,8,2019,7.5,18.4,20.2,0.106743575,89.87561072
2422981419,"Ursus arctos Linnaeus, 1758",64.710988,-165.29073,8,6,2016,59.2,15.4,4.9,0.037034659,96.36427362
2422978070,"Ursus arctos middendorffi Merriam, 1896",57.695669,-152.568119,21,8,2019,7.5,18.4,20.2,0.205045731,81.46100625
2422962290,"Ursus arctos horribilis Ord, 1815",44.586986,-109.417419,23,8,2018,12.7,20.7,20,0.44256807,64.23846126
2422894159,"Ursus arctos Linnaeus, 1758",57.138253,-135.333701,30,8,2019,7.5,18.4,20.2,0.106743575,89.87561072
2422894086,"Ursus arctos Linnaeus, 1758",57.13803,-135.333535,30,8,2019,7.5,18.4,20.2,0.106743575,89.87561072
2397704248,"Ursus arctos horribilis Ord, 1815",63.185936,-151.060674,28,8,2019,7.5,18.4,20.2,0.106743575,89.87561072
2397670573,"Ursus arctos Linnaeus, 1758",57.125915,-135.331758,29,8,2019,7.5,18.4,20.2,0.106743575,89.87561072
2397584013,"Ursus arctos Linnaeus, 1758",63.475955,-150.153244,26,8,2019,7.5,18.4,20.2,0.106743575,89.87561072
2397583859,"Ursus arctos Linnaeus, 1758",60.485254,-154.130766,1,7,2018,1.5,15.3,22.8,0.22358882,79.96438645
2397576842,"Ursus arctos Linnaeus, 1758",63.556533,-149.75723,23,8,2019,7.5,18.4,20.2,0.106743575,89.87561072
2397573058,"Ursus arctos horribilis Ord, 1815",44.998577,-110.380644,21,8,2019,5.6,20.2,20.2,0.106743575,89.87561072
2397561670,"Ursus arctos Linnaeus, 1758",57.841758,-135.036025,24,8,2019,7.5,18.4,20.2,0.106743575,89.87561072
2397546494,"Ursus arctos horribilis Ord, 1815",55.975134,-130.139486,29,7,2006,0,23.8,22.5,0.1729,84.12217328
2397546457,"Ursus arctos horribilis Ord, 1815",55.801402,-130.181462,29,7,2006,0,23.8,22.5,0.1729,84.12217328
2397493329,"Ursus arctos Linnaeus, 1758",44.833478,-110.607004,24,7,2019,47.9,23.9,27.5,0.119081431,88.77355089
2366130475,"Ursus arctos Linnaeus, 1758",44.524753,-110.420189,9,4,2019,12.8,7.8,7.3,0.05372073,94.76967331
2366123340,"Ursus arctos horribilis Ord, 1815",48.68107,-113.738299,13,8,2019,7.5,20.2,20.2,0.106743575,89.87561072
2366122626,"Ursus arctos horribilis Ord, 1815",43.698606,-110.009296,8,8,2019,5.6,25.9,20.2,0.106743575,89.87561072
2366112533,"Ursus arctos horribilis Ord, 1815",48.627979,-113.476908,16,8,2019,7.5,20.2,20.2,0.106743575,89.87561072
2366099076,"Ursus arctos horribilis Ord, 1815",47.813034,-113.385008,16,8,2019,7.5,20.2,20.2,0.106743575,89.87561072
2366071832,"Ursus arctos horribilis Ord, 1815",63.440974,-150.057304,9,9,2017,47.7,17.9,15.7,0.3847,68.0654802
2350386474,"Ursus arctos Linnaeus, 1758",43.800466,-109.711709,8,8,2019,5.6,25.9,20.2,0.106743575,89.87561072
2350369449,"Ursus arctos Linnaeus, 1758",48.849681,-113.723268,8,8,2019,7.5,20.2,20.2,0.106743575,89.87561072
2350305258,"Ursus arctos Linnaeus, 1758",60.822094,-148.976103,23,8,2018,0,21.5,20,0.44256807,64.23846126
2331960841,"Ursus arctos Linnaeus, 1758",57.155985,-135.739403,6,8,2019,7.5,18.4,20.2,0.106743575,89.87561072
2331958793,"Ursus arctos Linnaeus, 1758",57.143223,-135.741171,6,8,2019,7.5,18.4,20.2,0.106743575,89.87561072
2331957168,"Ursus arctos Linnaeus, 1758",57.133291,-135.753216,6,8,2019,7.5,18.4,20.2,0.106743575,89.87561072
2331911837,"Ursus arctos Linnaeus, 1758",63.503979,-150.059113,3,8,2019,7.5,18.4,20.2,0.106743575,89.87561072
2331902177,"Ursus arctos Linnaeus, 1758",43.936477,-110.422118,4,6,2019,42.8,16.6,16.6,0.053800142,94.76214775
2331881103,"Ursus arctos horribilis Ord, 1815",44.479899,-110.524057,24,10,2015,38.1,9.6,10,0.0144,98.57031841
2331340415,"Ursus arctos Linnaeus, 1758",60.185402,-149.460587,11,8,2018,0,21.5,20,0.12985706,87.82209549
2331337587,"Ursus arctos horribilis Ord, 1815",44.480831,-110.610352,16,9,2016,117.8,13.8,13.8,0.935,39.25858655
2311431557,"Ursus arctos horribilis Ord, 1815",44.487715,-110.431648,24,10,2015,38.1,9.6,10,0.0144,98.57031841
2311409175,"Ursus arctos horribilis Ord, 1815",44.910086,-110.757584,24,7,2019,47.9,23.9,27.5,0.119081431,88.77355089
2311403840,"Ursus arctos Linnaeus, 1758",56.179027,-131.883734,29,7,2019,7.3,17.6,27.5,0.119081431,88.77355089
2311402834,"Ursus arctos Linnaeus, 1758",63.430688,-150.382362,17,6,2019,20.5,16.7,16.6,0.053800142,94.76214775
2311384590,"Ursus arctos middendorffi Merriam, 1896",57.203183,-154.057736,14,7,2019,7.3,17.6,27.5,0.119081431,88.77355089
2311314947,"Ursus arctos Linnaeus, 1758",59.508709,-135.254517,24,5,2019,7.1,9.6,10.6,0.075564104,92.72202898
2311299092,"Ursus arctos horribilis Ord, 1815",44.875375,-110.331899,5,7,2019,47.9,23.9,27.5,0.119081431,88.77355089
2311278230,"Ursus arctos Linnaeus, 1758",61.103091,-149.684008,3,5,2019,7.1,9.6,10.6,0.075564104,92.72202898
2294683007,"Ursus arctos Linnaeus, 1758",63.509793,-150.010925,17,7,2019,7.3,17.6,27.5,0.119081431,88.77355089
2294682135,"Ursus arctos Linnaeus, 1758",63.553664,-149.789647,24,7,2019,7.3,17.6,27.5,0.119081431,88.77355089
2294679216,"Ursus arctos horribilis Ord, 1815",44.79862,-110.986279,17,7,2019,47.9,23.9,27.5,0.119081431,88.77355089
2294678662,"Ursus arctos horribilis Ord, 1815",44.632936,-110.936323,17,7,2019,47.9,23.9,27.5,0.119081431,88.77355089
2294678023,"Ursus arctos horribilis Ord, 1815",44.043367,-110.791617,17,7,2019,47.9,23.9,27.5,0.119081431,88.77355089
2294677290,"Ursus arctos Linnaeus, 1758",58.552983,-155.778428,22,7,2019,7.3,17.6,27.5,0.119081431,88.77355089
2294672679,"Ursus arctos Linnaeus, 1758",60.847712,-152.270336,19,6,2019,20.5,16.7,16.6,0.070019758,93.23753979
2294671068,"Ursus arctos Linnaeus, 1758",60.786601,-152.262473,22,7,2019,7.3,17.6,27.5,0.119081431,88.77355089
2294638518,"Ursus arctos Linnaeus, 1758",70.200194,-148.459384,24,8,2016,170,14.9,11.4,0.065,93.70674634
2294601280,"Ursus arctos Linnaeus, 1758",44.949372,-110.342346,16,7,2019,47.9,23.9,27.5,0.119081431,88.77355089
2294587688,"Ursus arctos horribilis Ord, 1815",43.789506,-110.78766,8,7,2019,47.9,23.9,27.5,0.119081431,88.77355089
2294586981,"Ursus arctos horribilis Ord, 1815",44.746432,-110.848847,4,7,2019,47.9,23.9,27.5,0.119081431,88.77355089
2294536053,"Ursus arctos Linnaeus, 1758",63.456196,-150.22827,3,7,2019,7.3,17.6,27.5,0.119081431,88.77355089
2294534803,"Ursus arctos Linnaeus, 1758",58.784637,-136.049741,3,7,2019,7.3,17.6,27.5,0.119081431,88.77355089
2294534530,"Ursus arctos Linnaeus, 1758",63.516528,-149.951258,3,7,2019,7.3,17.6,27.5,0.119081431,88.77355089
2294533432,"Ursus arctos horribilis Ord, 1815",48.975801,-113.679782,28,6,2019,20.5,16.6,16.6,0.053800142,94.76214775
2294495673,"Ursus arctos horribilis Ord, 1815",44.856566,-110.543387,12,7,2019,47.9,23.9,27.5,0.119081431,88.77355089
2294465687,"Ursus arctos Linnaeus, 1758",64.562453,-165.4387,30,6,2019,20.5,16.7,16.6,0.053800142,94.76214775
2294465212,"Ursus arctos horribilis Ord, 1815",63.494208,-149.790445,30,6,2019,20.5,16.7,16.6,0.053800142,94.76214775
2294462352,"Ursus arctos Linnaeus, 1758",63.790763,-150.71151,1,7,2019,7.3,17.6,27.5,0.119081431,88.77355089
2283281813,"Ursus arctos horribilis Ord, 1815",44.889376,-110.597083,4,6,2016,134.4,18.3,17.3,0.253424582,77.61382776
2283249969,"Ursus arctos Linnaeus, 1758",58.554984,-155.791548,9,7,2019,7.3,17.6,27.5,0.119081431,88.77355089
2283244450,"Ursus arctos Linnaeus, 1758",58.554984,-155.791548,9,7,2019,7.3,17.6,27.5,0.119081431,88.77355089
2283243104,"Ursus arctos Linnaeus, 1758",58.554984,-155.791548,9,7,2019,7.3,17.6,27.5,0.119081431,88.77355089
2283242969,"Ursus arctos Linnaeus, 1758",58.554984,-155.791548,9,7,2019,7.3,17.6,27.5,0.119081431,88.77355089
2283242907,"Ursus arctos Linnaeus, 1758",58.554984,-155.791548,9,7,2019,7.3,17.6,27.5,0.119081431,88.77355089
2283237912,"Ursus arctos Linnaeus, 1758",58.554984,-155.791548,8,7,2019,7.3,17.6,27.5,0.119081431,88.77355089
2283237620,"Ursus arctos Linnaeus, 1758",58.554984,-155.791548,8,7,2019,7.3,17.6,27.5,0.119081431,88.77355089
2283237477,"Ursus arctos Linnaeus, 1758",58.554984,-155.791548,8,7,2019,7.3,17.6,27.5,0.119081431,88.77355089
2283237460,"Ursus arctos Linnaeus, 1758",63.516528,-149.951258,3,7,2019,7.3,17.6,27.5,0.119081431,88.77355089
2283236751,"Ursus arctos Linnaeus, 1758",58.554984,-155.791548,8,7,2019,7.3,17.6,27.5,0.119081431,88.77355089
2283236484,"Ursus arctos Linnaeus, 1758",58.554984,-155.791548,8,7,2019,7.3,17.6,27.5,0.119081431,88.77355089
2283235801,"Ursus arctos Linnaeus, 1758",58.554984,-155.791548,8,7,2019,7.3,17.6,27.5,0.119081431,88.77355089
2283235490,"Ursus arctos Linnaeus, 1758",58.554984,-155.791548,8,7,2019,7.3,17.6,27.5,0.119081431,88.77355089
2283234901,"Ursus arctos Linnaeus, 1758",58.554984,-155.791548,8,7,2019,7.3,17.6,27.5,0.119081431,88.77355089
2283234827,"Ursus arctos Linnaeus, 1758",58.554984,-155.791548,8,7,2019,7.3,17.6,27.5,0.119081431,88.77355089
2283234725,"Ursus arctos Linnaeus, 1758",58.554984,-155.791548,8,7,2019,7.3,17.6,27.5,0.119081431,88.77355089
2283234113,"Ursus arctos Linnaeus, 1758",58.554984,-155.791548,8,7,2019,7.3,17.6,27.5,0.119081431,88.77355089
2283233744,"Ursus arctos Linnaeus, 1758",58.554984,-155.791548,8,7,2019,7.3,17.6,27.5,0.119081431,88.77355089
2283233168,"Ursus arctos Linnaeus, 1758",58.554984,-155.791548,8,7,2019,7.3,17.6,27.5,0.119081431,88.77355089
2283232911,"Ursus arctos Linnaeus, 1758",58.554984,-155.791548,8,7,2019,7.3,17.6,27.5,0.119081431,88.77355089
2283232724,"Ursus arctos Linnaeus, 1758",58.554984,-155.791548,8,7,2019,7.3,17.6,27.5,0.119081431,88.77355089
2283232305,"Ursus arctos Linnaeus, 1758",58.554984,-155.791548,8,7,2019,7.3,17.6,27.5,0.119081431,88.77355089
2283231166,"Ursus arctos horribilis Ord, 1815",44.784403,-110.589112,16,5,2019,99.6,11.1,10.6,0.075564104,92.72202898
2283221156,"Ursus arctos Linnaeus, 1758",63.529706,-149.865101,20,6,2019,20.5,16.7,16.6,0.053800142,94.76214775
2283219520,"Ursus arctos Linnaeus, 1758",63.461176,-150.224704,20,6,2019,20.5,16.7,16.6,0.053800142,94.76214775
2283218830,"Ursus arctos Linnaeus, 1758",58.554984,-155.791548,7,7,2019,7.3,17.6,27.5,0.119081431,88.77355089
2283218431,"Ursus arctos Linnaeus, 1758",58.554984,-155.791548,7,7,2019,7.3,17.6,27.5,0.119081431,88.77355089
2283218368,"Ursus arctos Linnaeus, 1758",58.554984,-155.791548,7,7,2019,7.3,17.6,27.5,0.119081431,88.77355089
2283218240,"Ursus arctos Linnaeus, 1758",58.554984,-155.791548,7,7,2019,7.3,17.6,27.5,0.119081431,88.77355089
2283217511,"Ursus arctos Linnaeus, 1758",58.555093,-155.791605,7,7,2019,7.3,17.6,27.5,0.119081431,88.77355089
2283217324,"Ursus arctos horribilis Ord, 1815",44.534143,-110.446605,15,5,2019,99.6,11.1,10.6,0.075564104,92.72202898
2283217144,"Ursus arctos Linnaeus, 1758",63.461257,-150.224492,20,6,2019,20.5,16.7,16.6,0.053800142,94.76214775
2283216915,"Ursus arctos Linnaeus, 1758",58.554984,-155.791548,7,7,2019,7.3,17.6,27.5,0.119081431,88.77355089
2283216220,"Ursus arctos Linnaeus, 1758",58.554984,-155.791548,7,7,2019,7.3,17.6,27.5,0.119081431,88.77355089
2283215087,"Ursus arctos Linnaeus, 1758",44.888645,-110.659862,14,5,2019,99.6,11.1,10.6,0.075564104,92.72202898
2283197867,"Ursus arctos Linnaeus, 1758",64.697928,-164.135908,18,6,2019,20.5,16.7,16.6,0.053800142,94.76214775
2283149624,"Ursus arctos Linnaeus, 1758",63.553576,-149.666274,3,7,2019,7.3,17.6,27.5,0.119081431,88.77355089
2283104201,"Ursus arctos horribilis Ord, 1815",44.847001,-110.661043,15,5,2012,2072.8,12.3,12.6,0.3839,68.11995437
2283055995,"Ursus arctos Linnaeus, 1758",59.110655,-154.255372,11,6,2019,20.5,16.7,16.6,0.070019758,93.23753979
2283047570,"Ursus arctos Linnaeus, 1758",44.522095,-110.015625,17,6,2019,42.8,16.6,16.6,0.053800142,94.76214775
2283043689,"Ursus arctos horribilis Ord, 1815",44.904174,-110.593186,17,6,2019,42.8,16.6,16.6,0.053800142,94.76214775
2283012769,"Ursus arctos horribilis Ord, 1815",43.76546,-110.763942,30,5,2002,65.5,11.5,10.8,0.619,53.84826511
2273327213,"Ursus arctos Linnaeus, 1758",43.972487,-110.208582,22,5,2019,99.6,11.1,10.6,0.075564104,92.72202898
2273303379,"Ursus arctos horribilis Ord, 1815",43.896791,-110.599654,23,6,2019,42.8,16.6,16.6,0.053800142,94.76214775
2273249198,"Ursus arctos Linnaeus, 1758",57.986806,-135.20507,21,6,2019,20.5,16.7,16.6,0.053800142,94.76214775
2273223676,"Ursus arctos Linnaeus, 1758",63.595961,-149.608586,20,6,2019,20.5,16.7,16.6,0.053800142,94.76214775
2269330069,"Ursus arctos horribilis Ord, 1815",48.680939,-113.520747,18,6,2019,20.5,16.6,16.6,0.053800142,94.76214775
2269319382,"Ursus arctos horribilis Ord, 1815",44.766212,-110.477458,13,6,2019,42.8,16.6,16.6,0.053800142,94.76214775
2269313370,"Ursus arctos Linnaeus, 1758",59.320974,-135.558581,19,6,2019,20.5,16.7,16.6,0.053800142,94.76214775
2269311621,"Ursus arctos Linnaeus, 1758",59.282228,-135.472193,19,6,2019,20.5,16.7,16.6,0.053800142,94.76214775
2269307056,"Ursus arctos horribilis Ord, 1815",45.65574,-111.001127,3,8,2018,12.7,20.7,20,0.44256807,64.23846126
2269304997,"Ursus arctos Linnaeus, 1758",59.283726,-135.472431,18,6,2019,20.5,16.7,16.6,0.053800142,94.76214775
2269293009,"Ursus arctos Linnaeus, 1758",59.288173,-135.575931,16,6,2019,20.5,16.7,16.6,0.053800142,94.76214775
2269292897,"Ursus arctos horribilis Ord, 1815",63.686144,-148.815543,17,6,2019,20.5,16.7,16.6,0.053800142,94.76214775
2269292858,"Ursus arctos Linnaeus, 1758",59.275922,-135.509184,17,6,2019,20.5,16.7,16.6,0.053800142,94.76214775
2269291421,"Ursus arctos horribilis Ord, 1815",63.729419,-148.965785,17,6,2019,20.5,16.7,16.6,0.053800142,94.76214775
2269284794,"Ursus arctos horribilis Ord, 1815",44.860563,-110.028036,10,6,2019,42.8,16.6,16.6,0.053800142,94.76214775
2269274090,"Ursus arctos Linnaeus, 1758",58.554947,-155.791368,29,6,2018,0.5,17.2,17,0.266521143,76.6039807
2269267008,"Ursus arctos horribilis Ord, 1815",44.740024,-110.439002,31,5,2019,99.6,11.1,10.6,0.075564104,92.72202898
2269231487,"Ursus arctos Linnaeus, 1758",63.529277,-149.867407,9,6,2019,20.5,16.7,16.6,0.053800142,94.76214775
2269231020,"Ursus arctos Linnaeus, 1758",63.46461,-150.221751,8,6,2019,20.5,16.7,16.6,0.053800142,94.76214775
2269230278,"Ursus arctos Linnaeus, 1758",63.438617,-150.291896,8,6,2019,20.5,16.7,16.6,0.053800142,94.76214775
2269229707,"Ursus arctos Linnaeus, 1758",63.485764,-150.123061,9,6,2019,20.5,16.7,16.6,0.053800142,94.76214775
2269229629,"Ursus arctos Linnaeus, 1758",63.495583,-150.097341,8,6,2019,20.5,16.7,16.6,0.053800142,94.76214775
2269229575,"Ursus arctos Linnaeus, 1758",63.463446,-150.221918,8,6,2019,20.5,16.7,16.6,0.053800142,94.76214775
2269217923,"Ursus arctos horribilis Ord, 1815",64.845357,-147.143063,26,5,2019,7.1,9.6,10.6,0.075564104,92.72202898
2265906895,"Ursus arctos Linnaeus, 1758",64.758662,-165.222158,28,5,2019,7.1,9.6,10.6,0.075564104,92.72202898
2265894211,"Ursus arctos Linnaeus, 1758",60.845574,-149.0647,12,6,2019,20.5,16.7,16.6,0.053800142,94.76214775
2265864252,"Ursus arctos horribilis Ord, 1815",44.542135,-110.333223,27,5,2019,99.6,11.1,10.6,0.075564104,92.72202898
2265863765,"Ursus arctos horribilis Ord, 1815",44.54016,-110.28902,27,5,2019,99.6,11.1,10.6,0.075564104,92.72202898
2265843930,"Ursus arctos horribilis Ord, 1815",44.53423,-110.283496,26,5,2019,99.6,11.1,10.6,0.075564104,92.72202898
2265838910,"Ursus arctos Linnaeus, 1758",63.359541,-150.672602,8,6,2018,0.5,17.2,17,0.045730981,95.52989211
2265832602,"Ursus arctos Linnaeus, 1758",60.485174,-149.963053,17,7,2018,1.5,15.3,22.8,0.22358882,79.96438645
2265831817,"Ursus arctos Linnaeus, 1758",62.935089,-150.010276,20,8,2006,31.4,14.3,23,0.1168,88.9763128
2265818479,"Ursus arctos Linnaeus, 1758",44.784959,-110.609182,7,6,2019,42.8,16.6,16.6,0.053800142,94.76214775
2265806915,"Ursus arctos horribilis Ord, 1815",44.879287,-110.105534,25,5,2019,99.6,11.1,10.6,0.075564104,92.72202898
2265800475,"Ursus arctos horribilis Ord, 1815",44.490422,-110.229006,23,5,2019,99.6,11.1,10.6,0.075564104,92.72202898
2265786050,"Ursus arctos Linnaeus, 1758",48.647959,-113.720384,23,7,2018,33.9,21.5,22.8,0.22358882,79.96438645
2252046123,"Ursus arctos horribilis Ord, 1815",63.025778,-151.084508,19,6,2005,17.9,17.7,20.9,0.1241,88.32915073
2251973498,"Ursus arctos horribilis Ord, 1815",43.868749,-110.577912,30,5,2019,99.6,11.1,10.6,0.075564104,92.72202898
2251953896,"Ursus arctos Linnaeus, 1758",58.102905,-136.005038,13,5,2019,7.1,9.6,10.6,0.075564104,92.72202898
2244307930,"Ursus arctos horribilis Ord, 1815",44.436698,-110.702286,20,5,2019,99.6,11.1,10.6,0.075564104,92.72202898
2244307334,"Ursus arctos horribilis Ord, 1815",44.662113,-110.704799,12,5,2019,99.6,11.1,10.6,0.075564104,92.72202898
2244300432,"Ursus arctos horribilis Ord, 1815",44.803164,-110.643738,8,5,2019,99.6,11.1,10.6,0.075564104,92.72202898
2244248934,"Ursus arctos horribilis Ord, 1815",44.409761,-110.511723,14,5,2019,99.6,11.1,10.6,0.075564104,92.72202898
2244247795,"Ursus arctos horribilis Ord, 1815",44.494201,-110.547071,15,5,2019,99.6,11.1,10.6,0.075564104,92.72202898
2244240720,"Ursus arctos Linnaeus, 1758",44.794824,-111.123994,10,5,2019,99.6,11.1,10.6,0.075564104,92.72202898
2244237597,"Ursus arctos horribilis Ord, 1815",43.904104,-110.408838,17,5,2019,99.6,11.1,10.6,0.075564104,92.72202898
2244227026,"Ursus arctos horribilis Ord, 1815",44.947251,-110.555552,12,5,2019,99.6,11.1,10.6,0.075564104,92.72202898
2244225405,"Ursus arctos horribilis Ord, 1815",44.775767,-110.589033,11,5,2019,99.6,11.1,10.6,0.075564104,92.72202898
2243009175,"Ursus arctos Linnaeus, 1758",56.987164,-135.375083,12,5,2019,7.1,14.3,10.6,0.075564104,92.72202898
2243009001,"Ursus arctos horribilis Ord, 1815",44.427679,-110.323982,15,5,2019,99.6,11.1,10.6,0.075564104,92.72202898
2242912831,"Ursus arctos horribilis Ord, 1815",44.410719,-110.947202,8,5,2019,99.6,11.1,10.6,0.075564104,92.72202898
2242864683,"Ursus arctos Linnaeus, 1758",59.871175,-153.085153,25,7,2014,12.1,20.4,25.4,0.1545,85.68434921
2242830817,"Ursus arctos middendorffi Merriam, 1896",58.747498,-136.294221,17,6,2007,0,15.4,34.5,0.201,81.79124316
2238980925,"Ursus arctos horribilis Ord, 1815",63.261875,-147.755429,6,6,2006,17.2,14.3,22.9,0.0792,92.38551349
2238899780,"Ursus arctos horribilis Ord, 1815",44.66167,-110.780724,17,5,2002,65.5,11.5,10.8,0.619,53.84826511
2238823097,"Ursus arctos Linnaeus, 1758",44.411771,-110.461231,26,9,2017,47.7,14.7,15.7,0.160317639,85.1873158
2237507266,"Ursus arctos sitkensis Merriam, 1896",58.092911,-135.467942,23,4,2019,78.3,0.9,20.6,0.05372073,94.76967331
2237502023,"Ursus arctos horribilis Ord, 1815",48.829664,-113.574664,22,7,2018,33.9,21.5,22.8,0.22358882,79.96438645
2237477704,"Ursus arctos Linnaeus, 1758",63.719598,-149.408438,5,9,2018,0,16.9,23.5,0.070307175,93.21074562
2236297483,"Ursus arctos Linnaeus, 1758",43.623959,-110.578188,5,10,2013,37419.8,9.9,14.9,0.0754,92.73724631
2236211153,"Ursus arctos horribilis Ord, 1815",44.632802,-110.491478,15,9,2017,47.7,14.7,15.7,0.160317639,85.1873158
2235471897,"Ursus arctos Linnaeus, 1758",44.605934,-110.426683,4,9,2017,47.7,14.7,15.7,0.160317639,85.1873158
2013757537,"Ursus arctos horribilis Ord, 1815",43.957515,-110.644009,8,6,2018,51.5,17.2,17,0.045730981,95.52989211
2006094695,"Ursus arctos Linnaeus, 1758",47.916712,-112.7491,3,6,2004,0.5,14.8,20.1,0.1788,83.62731373
2006075151,"Ursus arctos horribilis Ord, 1815",55.964284,-130.086595,10,8,2004,62.1,15.2,21.3,0.0577,94.39330849
2005405597,"Ursus arctos Linnaeus, 1758",60.20141,-151.336417,29,8,2016,170,14.9,11.4,0.065,93.70674634
2005401312,"Ursus arctos Linnaeus, 1758",60.194897,-149.591381,17,5,2010,129.5,9.7,16.5,0.1147,89.16335939
2005382422,"Ursus arctos horribilis Ord, 1815",48.719571,-113.704128,14,7,2018,33.9,21.5,22.8,0.22358882,79.96438645
2005355646,"Ursus arctos horribilis Ord, 1815",43.625023,-110.48225,16,2,2019,44.6,-16.7,-1.9,0.043021033,95.78912423
2005344509,"Ursus arctos horribilis Ord, 1815",44.549253,-110.470671,19,5,2018,98.5,15.9,15.2,0.101532044,90.34522285
2005318529,"Ursus arctos horribilis Ord, 1815",43.953504,-110.741577,27,5,2018,98.5,15.9,15.2,0.101532044,90.34522285
2005307968,"Ursus arctos Linnaeus, 1758",55.962025,-130.061842,15,9,2007,110,20.8,20.6,0.0761,92.67235296
2005266444,"Ursus arctos Linnaeus, 1758",44.674035,-110.436053,19,5,2018,98.5,15.9,15.2,0.101532044,90.34522285
2005261659,"Ursus arctos Linnaeus, 1758",69.234978,-141.805509,21,6,2018,39.9,17.2,17,0.045730981,95.52989211
1990642192,"Ursus arctos Linnaeus, 1758",58.673088,-156.774796,14,5,2017,78.2,14.3,18.4,0.065603638,93.65019846
1990629180,"Ursus arctos horribilis Ord, 1815",48.831402,-113.408367,24,6,2007,0,16.4,34.5,0.201,81.79124316
1990619705,"Ursus arctos horribilis Ord, 1815",63.66957,-149.550355,24,8,2018,0,21.5,20,0.44256807,64.23846126
1990546861,"Ursus arctos Linnaeus, 1758",59.256873,-135.560668,28,6,2007,0,15.4,34.5,0.201,81.79124316
1990540492,"Ursus arctos horribilis Ord, 1815",44.489973,-110.476881,14,5,2009,145,16.4,27.3,0.0742,92.84859781
1990496789,"Ursus arctos Linnaeus, 1758",57.1222,-135.322068,24,9,2014,31,17.8,6.5,0.0726,92.99727447
1990477413,"Ursus arctos Linnaeus, 1758",57.061965,-135.305424,29,7,2014,12.1,20.4,25.4,0.1545,85.68434921
1986631446,"Ursus arctos Linnaeus, 1758",44.816413,-110.020751,28,9,2007,110,20.8,20.6,0.0761,92.67235296
1986627953,"Ursus arctos Linnaeus, 1758",48.741366,-113.684295,11,8,2018,0,20.7,20,0.44256807,64.23846126
1978830395,"Ursus arctos sitkensis Merriam, 1896",57.010467,-135.156915,16,9,2018,0,16.9,21.8,0.070307175,93.21074562
1978828946,"Ursus arctos sitkensis Merriam, 1896",57.011034,-135.155641,16,9,2018,0,16.9,21.8,0.070307175,93.21074562
1978461887,"Ursus arctos Linnaeus, 1758",44.899692,-110.480496,5,7,2010,74.2,19.4,19,0.1385,87.06632513
1978461875,"Ursus arctos Linnaeus, 1758",44.858027,-110.184318,5,7,2010,74.2,19.4,19,0.1385,87.06632513
1978458062,"Ursus arctos Linnaeus, 1758",58.728333,-157.013889,27,6,2018,0.5,17.2,17,0.266521143,76.6039807
1978447914,"Ursus arctos horribilis Ord, 1815",44.49177,-110.410957,29,5,2018,98.5,15.9,15.2,0.101532044,90.34522285
1978434836,"Ursus arctos horribilis Ord, 1815",63.495656,-149.790941,13,6,2016,59.2,15.4,4.9,0.037034659,96.36427362
1978434796,"Ursus arctos Linnaeus, 1758",59.060525,-153.716292,16,6,2016,59.2,15.4,4.9,0.037034659,96.36427362
1978429191,"Ursus arctos horribilis Ord, 1815",44.496858,-110.336644,28,9,2018,22.6,19.6,21.8,0.070307175,93.21074562
1978424864,"Ursus arctos Linnaeus, 1758",59.064726,-153.713325,16,6,2016,59.2,15.4,4.9,0.037034659,96.36427362
1978423572,"Ursus arctos Linnaeus, 1758",57.080483,-135.261553,2,12,2018,56.4,8.2,5.7,0.032595343,96.79301603
1950036426,"Ursus arctos horribilis Ord, 1815",44.640275,-110.50811,31,7,2014,12.1,20.4,25.4,0.1545,85.68434921
1949985790,"Ursus arctos Linnaeus, 1758",57.129208,-135.365652,28,10,2013,37419.8,10,14.9,0.0754,92.73724631
1949983172,"Ursus arctos horribilis Ord, 1815",63.152517,-151.029174,19,7,2018,1.5,15.3,22.8,0.22358882,79.96438645
1949981700,"Ursus arctos horribilis Ord, 1815",48.773753,-113.716759,14,5,2017,78.2,14,14.3,0.065603638,93.65019846
1946363689,"Ursus arctos Linnaeus, 1758",63.114803,-151.192595,22,5,2010,129.5,9.7,16.5,0.1147,89.16335939
1946356870,"Ursus arctos Linnaeus, 1758",58.659387,-136.922611,7,7,2018,1.5,15.3,22.8,0.22358882,79.96438645
1946356241,"Ursus arctos Linnaeus, 1758",59.234749,-135.451066,9,10,2017,83.1,11.4,17.3,0.037841622,96.28654258
1944390702,"Ursus arctos horribilis Ord, 1815",48.672769,-113.75244,17,9,2018,22.6,16.9,21.8,0.070307175,93.21074562
1936804629,"Ursus arctos Linnaeus, 1758",57.7,-152.6,24,6,2018,0.5,17.2,17,0.266521143,76.6039807
1935627584,"Ursus arctos horribilis Ord, 1815",44.693641,-110.959373,25,9,2017,47.7,14.7,15.7,0.160317639,85.1873158
1933600249,"Ursus arctos Linnaeus, 1758",44.505927,-110.134928,20,5,2013,119542,15,18.6,0.0826,92.07193613
1932341362,"Ursus arctos Linnaeus, 1758",48.675726,-113.629898,6,8,2018,0,20.7,20,0.44256807,64.23846126
1932314717,"Ursus arctos horribilis Ord, 1815",44.527231,-110.358651,1,10,2018,34.9,7,7.2,0.051085504,95.01974218
1931505364,"Ursus arctos Linnaeus, 1758",57.050809,-135.314698,12,10,2018,23.1,14.1,7.2,0.051085504,95.01974218
1920839187,"Ursus arctos Linnaeus, 1758",48.731708,-113.611308,17,9,2018,22.6,16.9,21.8,0.070307175,93.21074562
1920832901,"Ursus arctos horribilis Ord, 1815",48.628827,-113.468145,2,9,2016,117.8,13.8,13.8,0.935,39.25858655
1920832028,"Ursus arctos horribilis Ord, 1815",44.08843,-110.611169,7,10,2018,34.9,7,7.2,0.051085504,95.01974218
1920823315,"Ursus arctos horribilis Ord, 1815",44.452665,-110.352129,3,10,2018,34.9,7,7.2,0.051085504,95.01974218
1914236701,"Ursus arctos horribilis Ord, 1815",48.795724,-113.40265,25,9,2018,22.6,16.9,21.8,0.070307175,93.21074562
1914225155,"Ursus arctos Linnaeus, 1758",44.471471,-110.403406,8,9,2016,117.8,13.8,13.8,0.935,39.25858655
1914223073,"Ursus arctos horribilis Ord, 1815",47.033128,-113.529779,29,8,2018,0,20.7,20,0.44256807,64.23846126
1913707237,"Ursus arctos horribilis Ord, 1815",43.86965,-110.424325,29,8,2018,12.7,20.7,20,0.44256807,64.23846126
1913695412,"Ursus arctos Linnaeus, 1758",48.783841,-113.420202,24,6,2018,51.5,17.2,17,0.045730981,95.52989211
1913680171,"Ursus arctos horribilis Ord, 1815",44.530077,-110.202914,10,9,2018,22.6,19.6,21.8,0.070307175,93.21074562
1913680144,"Ursus arctos horribilis Ord, 1815",44.448727,-110.309734,13,9,2018,22.6,19.6,21.8,0.070307175,93.21074562
1913176934,"Ursus arctos Linnaeus, 1758",63.625958,-149.32265,3,9,2018,0,16.9,23.5,0.070307175,93.21074562
1913160532,"Ursus arctos Linnaeus, 1758",63.479147,-150.14443,3,9,2018,0,16.9,23.5,0.070307175,93.21074562
1913159963,"Ursus arctos Linnaeus, 1758",59.365051,-158.837654,22,8,2018,0,21.5,20,0.12985706,87.82209549
1913148770,"Ursus arctos Linnaeus, 1758",57.018976,-135.636861,19,8,2018,0,21.5,20,0.44256807,64.23846126
1913145863,"Ursus arctos Linnaeus, 1758",57.058034,-135.304369,30,9,2013,32890.1,17.1,21,0.1954,82.250559
1913142840,"Ursus arctos middendorffi Merriam, 1896",59.54,-154.41,24,9,2013,32890.1,8.8,21,0.1954,82.250559
1913142494,"Ursus arctos Linnaeus, 1758",57.153305,-135.578756,30,4,2010,59.5,9.5,12.6,0.1594,85.26552287
1913142493,"Ursus arctos Linnaeus, 1758",57.150489,-135.5688,30,4,2010,59.5,9.5,12.6,0.1594,85.26552287
1901082901,"Ursus arctos Linnaeus, 1758",63.556137,-149.7522,3,9,2018,0,16.9,23.5,0.070307175,93.21074562
1901074753,"Ursus arctos Linnaeus, 1758",63.47667,-150.151228,3,9,2018,0,16.9,23.5,0.070307175,93.21074562
1901074622,"Ursus arctos Linnaeus, 1758",63.478175,-150.144489,3,9,2018,0,16.9,23.5,0.070307175,93.21074562
1901063513,"Ursus arctos horribilis Ord, 1815",48.582624,-113.744752,2,9,2018,22.6,16.9,21.8,0.070307175,93.21074562
1901053389,"Ursus arctos Linnaeus, 1758",44.552044,-110.504202,13,7,2004,154.8,22.6,22.5,0.1116,89.44019467
1901040758,"Ursus arctos Linnaeus, 1758",59.072879,-135.209316,5,8,2018,0,21.5,20,0.44256807,64.23846126
1899805649,"Ursus arctos horribilis Ord, 1815",48.518251,-113.787029,22,7,2018,33.9,21.5,22.8,0.22358882,79.96438645
1899790745,"Ursus arctos Linnaeus, 1758",48.487924,-113.643988,25,7,2018,33.9,21.5,22.8,0.22358882,79.96438645
1899763332,"Ursus arctos horribilis Ord, 1815",44.891368,-110.607581,28,7,2018,33.9,23.5,22.8,0.22358882,79.96438645
1898814437,"Ursus arctos Linnaeus, 1758",63.717571,-149.096008,19,8,2018,0,21.5,20,0.44256807,64.23846126
1891350954,"Ursus arctos Linnaeus, 1758",58.554757,-155.791878,13,7,2018,1.5,15.3,22.8,0.22358882,79.96438645
1891350915,"Ursus arctos Linnaeus, 1758",58.554777,-155.791917,11,7,2018,1.5,15.3,22.8,0.22358882,79.96438645
1891322112,"Ursus arctos Linnaeus, 1758",48.928256,-113.649673,6,7,2018,33.9,21.5,22.8,0.22358882,79.96438645
1891312967,"Ursus arctos Linnaeus, 1758",59.268063,-158.574554,6,7,2018,1.5,15.3,22.8,0.22358882,79.96438645
1891309370,"Ursus arctos horribilis Ord, 1815",44.584396,-110.577872,7,8,2018,12.7,20.7,20,0.44256807,64.23846126
1891295054,"Ursus arctos Linnaeus, 1758",47.589654,-112.950994,29,7,2018,33.9,23.5,22.8,0.22358882,79.96438645
1890719799,"Ursus arctos horribilis Ord, 1815",44.754306,-110.434719,7,8,2018,12.7,20.7,20,0.44256807,64.23846126
1890708428,"Ursus arctos Linnaeus, 1758",60.35657,-152.856257,31,7,2018,1.5,15.3,22.8,0.22358882,79.96438645
1890687065,"Ursus arctos Linnaeus, 1758",58.099373,-136.278152,4,8,2018,0,21.5,20,0.44256807,64.23846126
1890685855,"Ursus arctos Linnaeus, 1758",58.851067,-136.492374,24,7,2018,1.5,15.3,22.8,0.22358882,79.96438645
1890092029,"Ursus arctos Linnaeus, 1758",63.574991,-149.63138,21,7,2018,1.5,15.3,22.8,0.22358882,79.96438645
1890037975,"Ursus arctos Linnaeus, 1758",58.556203,-155.77803,6,6,2018,0.5,17.2,17,0.266521143,76.6039807
1883554151,"Ursus arctos horribilis Ord, 1815",59.358464,-135.593627,16,7,2018,1.5,15.3,22.8,0.22358882,79.96438645
1883554144,"Ursus arctos horribilis Ord, 1815",59.343152,-135.564293,15,7,2018,1.5,15.3,22.8,0.22358882,79.96438645
1883554104,"Ursus arctos horribilis Ord, 1815",59.263599,-135.441493,15,7,2018,1.5,15.3,22.8,0.22358882,79.96438645
1883552523,"Ursus arctos Linnaeus, 1758",58.555241,-155.777255,6,6,2018,0.5,17.2,17,0.266521143,76.6039807
1883545124,"Ursus arctos Linnaeus, 1758",58.553789,-155.791803,4,6,2018,0.5,17.2,17,0.266521143,76.6039807
1883535782,"Ursus arctos middendorffi Merriam, 1896",57.798889,-152.6,14,7,2018,1.5,15.3,22.8,0.22358882,79.96438645
1883535771,"Ursus arctos middendorffi Merriam, 1896",57.716047,-152.561763,11,7,2018,1.5,15.3,22.8,0.22358882,79.96438645
1883501765,"Ursus arctos Linnaeus, 1758",57.05135,-135.310053,10,7,2018,1.5,15.3,22.8,0.22358882,79.96438645
1883495729,"Ursus arctos horribilis Ord, 1815",44.659007,-110.406349,23,5,2017,78.2,14,14.3,0.065603638,93.65019846
1880666041,"Ursus arctos Linnaeus, 1758",57.034681,-135.314296,18,5,2011,148.2,11.6,10.7,0.4199,65.71125278
1880664016,"Ursus arctos Linnaeus, 1758",44.960024,-110.380022,7,6,2016,134.4,18.3,17.3,0.253424582,77.61382776
1880657608,"Ursus arctos Linnaeus, 1758",55.486904,-130.873103,1,7,2018,1.5,15.3,22.8,0.22358882,79.96438645
1880644981,"Ursus arctos Linnaeus, 1758",57.778871,-135.197573,3,7,2018,1.5,15.3,22.8,0.22358882,79.96438645
1880626209,"Ursus arctos horribilis Ord, 1815",48.697322,-113.59614,23,6,2018,51.5,17.2,17,0.045730981,95.52989211
1880626189,"Ursus arctos horribilis Ord, 1815",48.70084,-113.681478,28,6,2018,51.5,17.2,17,0.045730981,95.52989211
1880625285,"Ursus arctos horribilis Ord, 1815",48.812879,-113.470613,27,6,2018,51.5,17.2,17,0.045730981,95.52989211
1880618825,"Ursus arctos horribilis Ord, 1815",48.755167,-113.513486,24,6,2018,51.5,17.2,17,0.045730981,95.52989211
1880607730,"Ursus arctos horribilis Ord, 1815",48.930835,-113.696718,30,6,2018,51.5,17.2,17,0.045730981,95.52989211
1880584395,"Ursus arctos sitkensis Merriam, 1896",57.0342,-135.627214,23,6,2018,0.5,17.2,17,0.045730981,95.52989211
1880564997,"Ursus arctos horribilis Ord, 1815",63.198549,-151.020707,13,7,2010,74.2,15.4,19,0.1385,87.06632513
1880553451,"Ursus arctos horribilis Ord, 1815",44.537828,-110.259721,20,6,2018,51.5,17.2,17,0.045730981,95.52989211
1880475095,"Ursus arctos horribilis Ord, 1815",44.516948,-110.384736,4,6,2018,51.5,17.2,17,0.045730981,95.52989211
1880473863,"Ursus arctos Linnaeus, 1758",57.704414,-152.573456,9,6,2018,0.5,17.2,17,0.266521143,76.6039807
1880463294,"Ursus arctos Linnaeus, 1758",44.725546,-110.980925,6,5,2018,98.5,15.9,15.2,0.101532044,90.34522285
1850980057,"Ursus arctos Linnaeus, 1758",57.167606,-135.732527,7,6,2018,0.5,17.2,17,0.045730981,95.52989211
1850979325,"Ursus arctos Linnaeus, 1758",57.655107,-136.163657,2,6,2018,0.5,17.2,17,0.045730981,95.52989211
1850959778,"Ursus arctos Linnaeus, 1758",58.879752,-136.117513,25,5,2018,1.5,15.2,15.2,0.101532044,90.34522285
1850920676,"Ursus arctos horribilis Ord, 1815",63.446145,-150.18902,1,6,2018,0.5,17.2,17,0.045730981,95.52989211
1848805766,"Ursus arctos horribilis Ord, 1815",44.406466,-109.316036,10,5,2018,98.5,15.9,15.2,0.101532044,90.34522285
1847631297,"Ursus arctos horribilis Ord, 1815",63.164515,-151.170233,22,8,2016,170,14.9,11.4,0.065,93.70674634
1847630743,"Ursus arctos Linnaeus, 1758",48.868247,-113.880049,22,9,2013,32890.1,17.8,17.7,0.1954,82.250559
1847630742,"Ursus arctos horribilis Ord, 1815",48.207126,-113.168021,19,9,2013,32890.1,17.8,17.7,0.1954,82.250559
1847623685,"Ursus arctos horribilis Ord, 1815",44.880338,-111.100743,14,6,2014,6.4,16.2,23.7,0.3443,70.87162813
1847594196,"Ursus arctos horribilis Ord, 1815",44.645823,-110.472414,13,5,2018,98.5,15.9,15.2,0.101532044,90.34522285
1847587551,"Ursus arctos Linnaeus, 1758",59.334041,-135.557558,20,5,2018,1.5,15.2,15.2,0.101532044,90.34522285
1847587115,"Ursus arctos horribilis Ord, 1815",44.679635,-110.455406,2,8,2016,170,20.1,26.7,0.065,93.70674634
1847585024,"Ursus arctos horribilis Ord, 1815",43.903594,-110.547824,17,10,2017,108.3,7.2,6.7,0.037841622,96.28654258
1847532229,"Ursus arctos horribilis Ord, 1815",43.94797,-110.660565,13,5,2018,98.5,15.9,15.2,0.101532044,90.34522285
1847527451,"Ursus arctos Linnaeus, 1758",59.48101,-139.174118,13,5,2018,1.5,15.2,15.2,0.101532044,90.34522285
1847506514,"Ursus arctos Linnaeus, 1758",44.772115,-110.748086,1,5,2018,98.5,15.9,15.2,0.101532044,90.34522285
1847493114,"Ursus arctos horribilis Ord, 1815",43.878728,-110.524337,11,5,2018,98.5,15.9,15.2,0.101532044,90.34522285
1847492166,"Ursus arctos horribilis Ord, 1815",43.920555,-110.56291,10,5,2018,98.5,15.9,15.2,0.101532044,90.34522285
1847469431,"Ursus arctos Linnaeus, 1758",56.966129,-135.292511,9,11,2011,0,6.5,5.6,0.121,88.60339596
1841324645,"Ursus arctos Linnaeus, 1758",63.710745,-149.198696,30,6,2014,6.4,16.2,23.7,0.3443,70.87162813
1839240008,"Ursus arctos horribilis Ord, 1815",44.591838,-110.365776,10,6,2016,134.4,18.3,17.3,0.253424582,77.61382776
1839220691,"Ursus arctos horribilis Ord, 1815",43.789979,-110.680654,20,4,2018,21.6,7.6,6.2,0.142150011,86.74911136
1838353259,"Ursus arctos Linnaeus, 1758",59.631748,-153.97677,26,9,2013,32890.1,8.8,21,0.1954,82.250559
1838049059,"Ursus arctos horribilis Ord, 1815",63.501079,-150.327666,21,6,2016,59.2,15.4,4.9,0.037034659,96.36427362
1838017472,"Ursus arctos horribilis Ord, 1815",43.644316,-110.762161,11,10,2016,13.4,8.3,8.5,0.133251682,87.52447809
1831221318,"Ursus arctos horribilis Ord, 1815",48.115606,-112.762197,21,4,2017,100.8,8.4,8.3,0.490221333,61.24908149
1831198133,"Ursus arctos Linnaeus, 1758",57.072376,-135.292339,30,10,2008,5.7,9.2,-0.7,0.3442,70.87871564
1831176127,"Ursus arctos horribilis Ord, 1815",44.569521,-110.447611,15,5,2017,78.2,14,14.3,0.065603638,93.65019846
1831175993,"Ursus arctos horribilis Ord, 1815",44.516668,-110.441946,13,5,2017,78.2,14,14.3,0.065603638,93.65019846
1831162528,"Ursus arctos Linnaeus, 1758",57.150419,-135.569272,19,4,2008,773,-1.5,9.2,0.219,80.33217182
1831124596,"Ursus arctos Linnaeus, 1758",63.443618,-150.737314,14,9,2016,0,12,8.6,0.935,39.25858655
1807308333,"Ursus arctos horribilis Ord, 1815",48.78921,-113.774751,14,9,2016,117.8,13.8,13.8,0.935,39.25858655
1807283700,"Ursus arctos Linnaeus, 1758",57.150419,-135.569272,19,4,2008,773,-1.5,9.2,0.219,80.33217182
1807282928,"Ursus arctos Linnaeus, 1758",57.131023,-135.568027,8,11,2007,5216.1,-4,7.4,0.0623,93.96009642
1806374196,"Ursus arctos Linnaeus, 1758",57.150419,-135.569272,19,4,2008,773,-1.5,9.2,0.219,80.33217182
1806357359,"Ursus arctos Linnaeus, 1758",57.13263,-135.566483,30,8,2007,240.6,16.5,26.3,0.1097,89.61029259
1806356472,"Ursus arctos Linnaeus, 1758",57.064864,-135.605235,18,8,2007,240.6,16.5,26.3,0.1097,89.61029259
1806356418,"Ursus arctos Linnaeus, 1758",57.062297,-135.603647,18,8,2007,240.6,16.5,26.3,0.1097,89.61029259
1806327924,"Ursus arctos Linnaeus, 1758",57.081426,-135.277405,15,5,2004,1.8,10.2,17.5,0.1144,89.19011241
1806325350,"Ursus arctos horribilis Ord, 1815",44.828867,-110.488183,30,4,2017,100.8,8.4,8.3,0.490221333,61.24908149
1805395341,"Ursus arctos Linnaeus, 1758",56.872817,-135.340693,6,6,2016,59.2,17.1,4.9,0.253424582,77.61382776
1805391578,"Ursus arctos Linnaeus, 1758",57.050231,-135.193934,6,4,2007,19.8,5.5,12.9,0.1804,83.49361701
1805384906,"Ursus arctos horribilis Ord, 1815",44.418214,-110.456383,30,9,2016,117.8,13.8,13.8,0.935,39.25858655
1802657738,"Ursus arctos horribilis Ord, 1815",44.02474,-110.470878,13,5,2016,68.6,15.4,20.9,0.624801736,53.53675622
1802634265,"Ursus arctos Linnaeus, 1758",57.73728,-152.445338,1,9,2017,3.5,17.9,15.7,0.3847,68.0654802
1703277493,"Ursus arctos Linnaeus, 1758",70.261,-148.333,15,10,2017,83.1,11.4,17.3,0.037841622,96.28654258
1703277485,"Ursus arctos Linnaeus, 1758",70.261,-148.333,15,10,2017,83.1,11.4,17.3,0.037841622,96.28654258
1703277472,"Ursus arctos Linnaeus, 1758",70.261,-148.333,15,10,2017,83.1,11.4,17.3,0.037841622,96.28654258
1703215434,"Ursus arctos horribilis Ord, 1815",44.553255,-110.286013,11,6,2006,17.2,18.1,22.9,0.0792,92.38551349
1703215380,"Ursus arctos horribilis Ord, 1815",44.873263,-110.531198,2,6,2006,17.2,18.1,22.9,0.0792,92.38551349
1703212134,"Ursus arctos horribilis Ord, 1815",44.85412,-110.440749,10,6,2007,0,16.4,34.5,0.201,81.79124316
1703212112,"Ursus arctos horribilis Ord, 1815",44.679911,-110.468987,13,6,2007,0,16.4,34.5,0.201,81.79124316
1703211059,"Ursus arctos horribilis Ord, 1815",43.570895,-110.724933,27,5,2007,977,17.5,29.7,0.4398,64.41652412
1703206449,"Ursus arctos Linnaeus, 1758",44.722587,-110.46585,10,9,2014,31,14.2,14.8,0.0726,92.99727447
1702560676,"Ursus arctos Linnaeus, 1758",64.78994,-163.78057,22,8,2004,62.1,15.2,21.3,0.0577,94.39330849
1677344389,"Ursus arctos horribilis Ord, 1815",44.082898,-110.639582,17,10,2017,108.3,7.2,6.7,0.037841622,96.28654258
1668891517,"Ursus arctos horribilis Ord, 1815",43.847978,-110.461455,30,9,2017,47.7,14.7,15.7,0.160317639,85.1873158
1668830551,"Ursus arctos Linnaeus, 1758",63.499834,-150.078413,14,9,2017,47.7,17.9,15.7,0.3847,68.0654802
1668830540,"Ursus arctos Linnaeus, 1758",63.439597,-150.276764,14,9,2017,47.7,17.9,15.7,0.3847,68.0654802
1668830522,"Ursus arctos Linnaeus, 1758",63.484578,-150.134444,14,9,2017,47.7,17.9,15.7,0.3847,68.0654802
1668809463,"Ursus arctos horribilis Ord, 1815",48.71195,-114.811587,2,9,2017,47.7,14.7,15.7,0.160317639,85.1873158
1668809450,"Ursus arctos horribilis Ord, 1815",48.774285,-114.868459,2,9,2017,47.7,14.7,15.7,0.160317639,85.1873158
1621785444,"Ursus arctos Linnaeus, 1758",60.49,-149.834167,1,9,2013,32890.1,8.8,21,0.1954,82.250559
1611934062,"Ursus arctos Linnaeus, 1758",59.808,-151.379,23,4,2010,59.5,1.4,12.6,0.1594,85.26552287
1611934061,"Ursus arctos Linnaeus, 1758",59.829,-150.93,30,5,2010,129.5,9.7,16.5,0.1147,89.16335939
1611934060,"Ursus arctos Linnaeus, 1758",58.82,-159.803,16,5,2010,129.5,9.7,16.5,0.1147,89.16335939
1611934058,"Ursus arctos Linnaeus, 1758",57.803,-155.329,11,5,2010,129.5,9.7,16.5,0.1147,89.16335939
1611934057,"Ursus arctos Linnaeus, 1758",60.621,-151.135,21,5,2010,129.5,9.7,16.5,0.1147,89.16335939
1611934056,"Ursus arctos Linnaeus, 1758",60.546,-149.292,23,7,2010,74.2,15.4,19,0.1385,87.06632513
1611934055,"Ursus arctos Linnaeus, 1758",58.889,-160.976,15,5,2010,129.5,9.7,16.5,0.1147,89.16335939
1611934054,"Ursus arctos Linnaeus, 1758",59.812,-151.152,15,5,2009,145,9.7,27.3,0.0742,92.84859781
1611934051,"Ursus arctos Linnaeus, 1758",59.778,-151.182,29,5,2010,129.5,9.7,16.5,0.1147,89.16335939
1611934048,"Ursus arctos Linnaeus, 1758",60.52,-150.723,9,9,2011,76.5,10.9,19,0.0582,94.34612363
1611934041,"Ursus arctos Linnaeus, 1758",60.391,-149.686,6,9,2006,0,15.2,17.9,1.4632,23.14943064
1611934040,"Ursus arctos Linnaeus, 1758",60.267,-149.346,28,5,2011,148.2,11.6,10.7,0.4199,65.71125278
1611934039,"Ursus arctos Linnaeus, 1758",60.391,-149.686,6,9,2006,0,15.2,17.9,1.4632,23.14943064
1611934035,"Ursus arctos Linnaeus, 1758",60.527,-150.819,12,9,2011,76.5,10.9,19,0.0582,94.34612363
1611934034,"Ursus arctos Linnaeus, 1758",60.488,-149.976,3,10,2009,73.2,3.3,10,0.0565,94.50664845
1611934030,"Ursus arctos Linnaeus, 1758",60.952,-152.067,14,11,2011,0,-17.2,5.6,0.121,88.60339596
1611934028,"Ursus arctos Linnaeus, 1758",58.886,-160.932,10,5,2010,129.5,9.7,16.5,0.1147,89.16335939
1611934026,"Ursus arctos Linnaeus, 1758",60.499,-149.461,7,8,2006,31.4,14.3,23,0.1168,88.9763128
1611934025,"Ursus arctos Linnaeus, 1758",60.488,-151.177,6,5,2011,148.2,11.6,10.7,0.4199,65.71125278
1611934021,"Ursus arctos Linnaeus, 1758",60.205,-151.106,11,9,2011,76.5,10.9,19,0.0582,94.34612363
1611934020,"Ursus arctos Linnaeus, 1758",55.853,-160.549,7,10,2009,73.2,3.3,21.5,0.0565,94.50664845
1611934018,"Ursus arctos Linnaeus, 1758",60.493,-149.847,22,5,2010,129.5,9.7,16.5,0.1147,89.16335939
1611934012,"Ursus arctos Linnaeus, 1758",60.484,-158.99,15,9,2007,110,20.8,7.5,0.0761,92.67235296
1611934008,"Ursus arctos Linnaeus, 1758",60.167,-149.415,12,8,2006,31.4,14.3,23,0.1168,88.9763128
1611934004,"Ursus arctos Linnaeus, 1758",60.337,-149.374,30,6,2006,17.2,14.3,22.9,0.0792,92.38551349
1611933995,"Ursus arctos Linnaeus, 1758",60.453,-145.195,14,9,2006,0,15.2,17.9,1.4632,23.14943064
1611933991,"Ursus arctos Linnaeus, 1758",60.337,-149.374,30,6,2006,17.2,14.3,22.9,0.0792,92.38551349
1611933979,"Ursus arctos Linnaeus, 1758",59.844,-153.207,1,10,2009,73.2,3.3,10,0.0565,94.50664845
1611933978,"Ursus arctos Linnaeus, 1758",59.869,-150.861,1,10,2009,73.2,3.3,10,0.0565,94.50664845
1611933974,"Ursus arctos Linnaeus, 1758",60.218,-150.796,26,9,2008,130,20.5,19.7,0.1742,84.01288551
1611933971,"Ursus arctos Linnaeus, 1758",60.532,-150.496,28,8,2007,240.6,16.5,26.3,0.1097,89.61029259
1585955242,"Ursus arctos Linnaeus, 1758",70.217,-150.552,31,5,2013,119542,14.2,18.6,0.0826,92.07193613
1585955191,"Ursus arctos Linnaeus, 1758",59.903448,-139.760036,23,9,2001,31.1,8.3,22.7,0.0873,91.64021338
1585955175,"Ursus arctos Linnaeus, 1758",61.724352,-150.060904,1,6,2004,0.5,14.1,20.1,2.5304,7.962716305
1572372700,"Ursus arctos horribilis Ord, 1815",61.231677,-149.36073,27,9,2014,31,17.8,6.5,0.0726,92.99727447
1571185943,"Ursus arctos Linnaeus, 1758",64.773752,-165.244991,13,6,2016,59.2,15.4,4.9,0.037034659,96.36427362
1571084027,"Ursus arctos Linnaeus, 1758",57.073102,-134.89964,26,5,2017,78.2,14.3,18.4,0.065603638,93.65019846
1571078707,"Ursus arctos Linnaeus, 1758",59.054917,-155.315828,30,5,2017,78.2,14.3,18.4,0.065603638,93.65019846
1563445886,"Ursus arctos Linnaeus, 1758",57.168637,-135.722004,30,5,2017,78.2,14.3,18.4,0.065603638,93.65019846
1562971195,"Ursus arctos horribilis Ord, 1815",47.540945,-113.787574,20,5,2017,78.2,14,14.3,0.065603638,93.65019846
1562963865,"Ursus arctos Linnaeus, 1758",57.305711,-135.823202,15,5,2017,78.2,14.3,18.4,0.065603638,93.65019846
1562944255,"Ursus arctos Linnaeus, 1758",57.255914,-135.729223,14,5,2017,78.2,14.3,18.4,0.065603638,93.65019846
1500354602,"Ursus arctos Linnaeus, 1758",57.151103,-135.567701,4,5,2017,78.2,14.3,18.4,0.065603638,93.65019846
1500353767,"Ursus arctos Linnaeus, 1758",57.151569,-135.576137,4,5,2017,78.2,14.3,18.4,0.065603638,93.65019846
1500296643,"Ursus arctos horribilis Ord, 1815",44.403591,-110.61187,21,5,2006,10.2,12.8,20.6,0.106,89.94246481
1457587048,"Ursus arctos horribilis Ord, 1815",44.832318,-110.271374,27,7,2006,25.2,23.8,22.5,0.1726,84.14741372
1455574127,"Ursus arctos Linnaeus, 1758",62.885371,-150.423552,15,10,2008,5.7,9.2,-0.7,0.3442,70.87871564
1453546935,"Ursus arctos Linnaeus, 1758",44.75681,-110.512007,22,7,2014,12.1,20.4,25.4,0.1545,85.68434921
1453518330,"Ursus arctos horribilis Ord, 1815",44.254229,-110.643232,14,6,2014,9.9,16.3,23.7,0.3443,70.87162813
1453484701,"Ursus arctos horribilis Ord, 1815",59.235581,-135.805602,7,6,2005,5,17.7,20.9,0.1241,88.32915073
1453392907,"Ursus arctos Linnaeus, 1758",57.064992,-135.60589,19,8,2016,170,20.1,11.4,0.065,93.70674634
1453282886,"Ursus arctos horribilis Ord, 1815",44.156446,-110.698032,31,5,2011,148.2,10.7,10.7,0.4199,65.71125278
1453250155,"Ursus arctos horribilis Ord, 1815",43.566007,-110.774631,28,6,2014,9.9,16.3,23.7,0.3443,70.87162813
1453249687,"Ursus arctos horribilis Ord, 1815",44.415058,-110.580722,30,6,2014,6.4,16.2,23.7,0.3443,70.87162813
1453197395,"Ursus arctos horribilis Ord, 1815",44.185898,-110.780072,14,10,2016,13.4,8.3,8.5,0.133251682,87.52447809
1453153172,"Ursus arctos horribilis Ord, 1815",48.883773,-113.785978,13,9,2014,31,14.2,14.8,0.0726,92.99727447
1453125926,"Ursus arctos horribilis Ord, 1815",44.660009,-110.589059,29,9,2016,117.8,13.8,13.8,0.935,39.25858655
1453125039,"Ursus arctos horribilis Ord, 1815",48.940196,-114.229535,7,10,2016,13.4,8.3,8.5,0.133251682,87.52447809
1453102064,"Ursus arctos horribilis Ord, 1815",48.768216,-113.724385,10,8,2016,170,20.1,26.7,0.065,93.70674634
1453056721,"Ursus arctos Linnaeus, 1758",63.719899,-149.385867,7,6,2014,6.4,16.2,23.7,0.3443,70.87162813
1453056712,"Ursus arctos Linnaeus, 1758",63.721828,-149.436035,7,6,2014,6.4,16.2,23.7,0.3443,70.87162813
1453053683,"Ursus arctos Linnaeus, 1758",63.086989,-149.836349,7,6,2014,6.4,16.2,23.7,0.3443,70.87162813
1323010381,"Ursus arctos Linnaeus, 1758",57.081745,-135.580223,25,9,2016,0,12,8.6,0.935,39.25858655
1315080187,"Ursus arctos horribilis Ord, 1815",44.483805,-110.146764,18,9,2016,117.8,13.8,13.8,0.935,39.25858655
1315046862,"Ursus arctos horribilis Ord, 1815",44.725852,-110.443797,30,7,2014,12.1,20.4,25.4,0.1545,85.68434921
1305142731,"Ursus arctos horribilis Ord, 1815",63.761844,-149.227776,6,7,2014,12.1,20.4,25.4,0.1545,85.68434921
1305128986,"Ursus arctos horribilis Ord, 1815",44.585978,-110.303207,3,8,2016,170,20.1,26.7,0.065,93.70674634
1291681943,"Ursus arctos horribilis Ord, 1815",48.916428,-113.500306,10,8,2016,170,20.1,26.7,0.065,93.70674634
1291164835,"Ursus arctos horribilis Ord, 1815",44.997928,-110.170673,24,6,2014,6.4,16.2,23.7,0.3443,70.87162813
1291144681,"Ursus arctos horribilis Ord, 1815",43.921887,-110.447376,17,6,2014,9.9,16.3,23.7,0.3443,70.87162813
1291086380,"Ursus arctos Linnaeus, 1758",60.484203,-150.095658,24,6,2016,59.2,15.4,4.9,0.037034659,96.36427362
1291078705,"Ursus arctos horribilis Ord, 1815",44.484134,-110.570574,28,5,2016,68.6,14.8,20.9,0.624801736,53.53675622
1272110538,"Ursus arctos horribilis Ord, 1815",44.467725,-110.561886,8,6,2016,134.4,18.3,17.3,0.253424582,77.61382776
1272101171,"Ursus arctos horribilis Ord, 1815",44.684691,-110.407544,6,6,2016,134.4,18.3,17.3,0.253424582,77.61382776
1272101143,"Ursus arctos horribilis Ord, 1815",44.890839,-110.620666,4,6,2016,134.4,18.3,17.3,0.253424582,77.61382776
1272101031,"Ursus arctos horribilis Ord, 1815",44.8635,-110.398012,5,6,2016,134.4,18.3,17.3,0.253424582,77.61382776
1269579513,"Ursus arctos horribilis Ord, 1815",63.430906,-149.959043,22,5,2016,68.6,11.4,0.5,0.624801736,53.53675622
1269577420,"Ursus arctos Linnaeus, 1758",63.710053,-149.244142,21,5,2016,68.6,11.4,0.5,0.624801736,53.53675622
1269556064,"Ursus arctos horribilis Ord, 1815",44.050823,-110.610671,29,7,2014,12.1,21.8,25.4,0.1545,85.68434921
1269549879,"Ursus arctos horribilis Ord, 1815",44.478196,-110.254582,6,5,2016,68.6,14.8,20.9,0.624801736,53.53675622
1269539888,"Ursus arctos Linnaeus, 1758",57.134758,-135.368042,8,4,2016,0.2,6,6.1,0.042227432,95.8651728
1253301013,"Ursus arctos Linnaeus, 1758",57.130787,-135.365467,2,10,2012,40.5,12.5,17.8,0.1979,82.04518942
1227716119,"Ursus arctos Linnaeus, 1758",44.410897,-110.48359,25,9,2013,32890.1,17.8,17.7,0.1954,82.250559
1227715203,"Ursus arctos Linnaeus, 1758",44.542182,-110.408645,2,9,2014,31,14.2,14.8,0.0726,92.99727447
1227714499,"Ursus arctos horribilis Ord, 1815",43.749767,-110.667673,19,9,2014,15.5,14.2,14.8,0.0726,92.99727447
1143516456,"Ursus arctos Linnaeus, 1758",57.054353,-135.323474,21,7,2014,12.1,20.4,25.4,0.1545,85.68434921
1088938111,"Ursus arctos Linnaeus, 1758",57.175567,-135.549114,4,4,2015,12,10.4,15.3,-0.5031,101
1065581396,"Ursus arctos horribilis Ord, 1815",43.701657,-110.783,21,9,2014,15.5,14.2,14.8,0.0726,92.99727447
1024217099,"Ursus arctos Linnaeus, 1758",56.169353,-131.888122,7,8,2007,240.6,16.5,26.3,0.1097,89.61029259
1024208297,"Ursus arctos horribilis Ord, 1815",63.704459,-149.568489,22,7,2014,12.1,20.4,25.4,0.1545,85.68434921
1024208290,"Ursus arctos horribilis Ord, 1815",63.721319,-149.577479,22,7,2014,12.1,20.4,25.4,0.1545,85.68434921
1024208270,"Ursus arctos Linnaeus, 1758",58.930399,-136.274478,16,7,2014,12.1,20.4,25.4,0.1545,85.68434921
1024208244,"Ursus arctos sitkensis Merriam, 1896",57.872753,-135.159197,14,7,2014,12.1,20.4,25.4,0.1545,85.68434921
1024205933,"Ursus arctos horribilis Ord, 1815",48.924809,-113.715402,27,6,2014,6.4,16.2,23.7,0.3443,70.87162813
923916264,"Ursus arctos horribilis Ord, 1815",44.035129,-110.433098,5,9,2013,32890.1,17.8,17.7,0.1954,82.250559
911491457,"Ursus arctos Linnaeus, 1758",44.560782,-110.942402,9,11,2013,21.5,0.6,1.1,-0.3265,101
910499395,"Ursus arctos horribilis Ord, 1815",63.450984,-150.094217,7,9,2011,76.5,10.9,19,0.0582,94.34612363
910499387,"Ursus arctos horribilis Ord, 1815",63.575538,-150.027362,1,6,2002,0,22.5,29.6,0.5233,59.25618638
910499351,"Ursus arctos horribilis Ord, 1815",63.506398,-150.028445,7,9,2011,76.5,10.9,19,0.0582,94.34612363
910499345,"Ursus arctos horribilis Ord, 1815",63.584046,-150.17613,9,9,2011,76.5,10.9,19,0.0582,94.34612363
897110862,"Ursus arctos Linnaeus, 1758",57.925,-135.008333,8,5,2002,313,12.3,10.8,0.619,53.84826511
897110838,"Ursus arctos Linnaeus, 1758",57.366667,-134.333333,17,5,2002,313,12.3,10.8,0.619,53.84826511
897110824,"Ursus arctos Linnaeus, 1758",59.35,-136.75,13,10,2001,177.5,-10.9,16.6,0.0594,94.23297619
897110787,"Ursus arctos Linnaeus, 1758",57.133333,-134.416667,13,5,2002,313,12.3,10.8,0.619,53.84826511
897110728,"Ursus arctos Linnaeus, 1758",59.325,-135.9,14,11,2001,156.9,-18.2,13,0.798,45.02285213
897099659,"Ursus arctos Linnaeus, 1758",59.966667,-151.683333,19,9,2006,0,15.2,17.9,1.4632,23.14943064
897099601,"Ursus arctos Linnaeus, 1758",60.533333,-150.833333,27,10,2002,18.6,0.1,12.4,0.0242,97.60904721
897099583,"Ursus arctos Linnaeus, 1758",60.483333,-150,6,10,2004,0.5,2,13.4,0.1076,89.79867193
897099568,"Ursus arctos Linnaeus, 1758",60.516667,-151.516667,3,10,2002,18.6,0.1,12.4,0.0242,97.60904721
897099551,"Ursus arctos Linnaeus, 1758",59.89,-151.681667,16,3,2004,0,-4.2,5.4,0.093,91.11935003
897098058,"Ursus arctos Linnaeus, 1758",67.72498443,-149.74739,15,9,2004,163.9,5.6,17.6,0.1042,90.10450704
897097965,"Ursus arctos Linnaeus, 1758",64.1014679,-143.2973885,23,8,2006,31.4,14.3,23,0.1168,88.9763128
897097906,"Ursus arctos Linnaeus, 1758",64.89958126,-147.7461019,1,3,2006,237.4,-18.8,6.2,0.1459,86.42441233
897097884,"Ursus arctos Linnaeus, 1758",64.31458494,-146.6640235,1,3,2006,237.4,-18.8,6.2,0.1459,86.42441233
897097579,"Ursus arctos Linnaeus, 1758",60.483333,-150.05,30,10,2002,18.6,0.1,12.4,0.0242,97.60904721
897016384,"Ursus arctos Linnaeus, 1758",60.568119,-151.35035,3,7,2010,74.2,15.4,19,0.1385,87.06632513
897016383,"Ursus arctos Linnaeus, 1758",57.736111,-156.148056,1,10,2001,177.5,-4.8,16.6,0.0594,94.23297619
897016375,"Ursus arctos Linnaeus, 1758",60.433333,-150.316667,29,5,2011,148.2,11.6,10.7,0.4199,65.71125278
897016373,"Ursus arctos Linnaeus, 1758",60.568119,-151.20035,3,7,2010,74.2,15.4,19,0.1385,87.06632513
897016372,"Ursus arctos Linnaeus, 1758",60.262778,-149.339444,28,5,2011,148.2,11.6,10.7,0.4199,65.71125278
897016366,"Ursus arctos Linnaeus, 1758",59.838528,-150.906556,1,10,2009,73.2,3.3,10,0.0565,94.50664845
897016347,"Ursus arctos Linnaeus, 1758",57.783333,-155.233333,11,5,2010,129.5,9.7,16.5,0.1147,89.16335939
897016346,"Ursus arctos Linnaeus, 1758",59.796111,-151.104333,30,5,2010,129.5,9.7,16.5,0.1147,89.16335939
897016344,"Ursus arctos Linnaeus, 1758",59.838556,-150.906556,1,10,2009,73.2,3.3,10,0.0565,94.50664845
897016339,"Ursus arctos Linnaeus, 1758",60.503806,-149.450556,9,9,2002,0.3,10.6,22.8,0.8587,42.37125508
897016337,"Ursus arctos Linnaeus, 1758",60.513611,-150.719444,9,9,2011,76.5,10.9,19,0.0582,94.34612363
897016336,"Ursus arctos Linnaeus, 1758",60.513611,-150.719444,9,9,2011,76.5,10.9,19,0.0582,94.34612363
897016334,"Ursus arctos Linnaeus, 1758",60.516667,-150.752611,12,9,2011,76.5,10.9,19,0.0582,94.34612363
897016332,"Ursus arctos Linnaeus, 1758",60.833333,-151.816667,11,11,2011,0,-17.2,5.6,0.121,88.60339596
897016328,"Ursus arctos Linnaeus, 1758",59.834167,-150.918889,10,10,2011,29,2.5,16.7,0.1162,89.02971461
897016326,"Ursus arctos Linnaeus, 1758",59.834167,-150.918889,10,10,2011,29,2.5,16.7,0.1162,89.02971461
897016317,"Ursus arctos Linnaeus, 1758",60.484722,-149.724444,27,6,2004,0.5,14.1,20.1,0.1788,83.62731373
897016313,"Ursus arctos Linnaeus, 1758",60.3575,-149.73,6,9,2006,0,15.2,17.9,1.4632,23.14943064
897016312,"Ursus arctos Linnaeus, 1758",60.3575,-149.73,6,9,2006,0,15.2,17.9,1.4632,23.14943064
897016308,"Ursus arctos Linnaeus, 1758",60.486111,-158.971667,15,9,2007,110,20.8,7.5,0.0761,92.67235296
897016306,"Ursus arctos Linnaeus, 1758",60.15985,-149.432314,12,8,2006,31.4,14.3,23,0.1168,88.9763128
897016305,"Ursus arctos Linnaeus, 1758",60.15985,-149.432314,12,8,2006,31.4,14.3,23,0.1168,88.9763128
897016304,"Ursus arctos Linnaeus, 1758",60.494722,-149.451111,7,8,2006,31.4,14.3,23,0.1168,88.9763128
897016303,"Ursus arctos Linnaeus, 1758",60.494722,-149.451111,7,8,2006,31.4,14.3,23,0.1168,88.9763128
897016302,"Ursus arctos Linnaeus, 1758",60.449444,-145.188833,14,9,2006,0,15.2,17.9,1.4632,23.14943064
897016301,"Ursus arctos Linnaeus, 1758",60.449444,-145.188833,14,9,2006,0,15.2,17.9,1.4632,23.14943064
897016300,"Ursus arctos Linnaeus, 1758",60.494861,-149.854917,22,5,2010,129.5,9.7,16.5,0.1147,89.16335939
897016297,"Ursus arctos Linnaeus, 1758",59.8,-138.883333,2,9,2001,31.1,8.3,22.7,0.0873,91.64021338
897014518,"Ursus arctos Linnaeus, 1758",57.518915,-135.54234,23,10,2012,40.5,12.5,17.8,0.1979,82.04518942
897014516,"Ursus arctos Linnaeus, 1758",57.518915,-135.59234,21,10,2012,40.5,12.5,17.8,0.1979,82.04518942
897014512,"Ursus arctos Linnaeus, 1758",57.518915,-135.54234,21,10,2012,40.5,12.5,17.8,0.1979,82.04518942
897014509,"Ursus arctos Linnaeus, 1758",57.518915,-135.59234,21,10,2012,40.5,12.5,17.8,0.1979,82.04518942
897014507,"Ursus arctos Linnaeus, 1758",57.518915,-135.59234,21,10,2012,40.5,12.5,17.8,0.1979,82.04518942
897007547,"Ursus arctos Linnaeus, 1758",59.713889,-151.696667,21,8,2007,240.6,16.5,26.3,0.1097,89.61029259
896996717,"Ursus arctos Linnaeus, 1758",65.73616198,-168.9447408,16,5,2005,69.8,12.6,16.9,0.3841,68.10633174
896996690,"Ursus arctos Linnaeus, 1758",65.73616198,-168.9447408,23,4,2005,32.5,-1.4,12.8,0.0718,93.07170206
896996681,"Ursus arctos Linnaeus, 1758",65.73616198,-168.9447408,23,4,2005,32.5,-1.4,12.8,0.0718,93.07170206
896995220,"Ursus arctos Linnaeus, 1758",58.536556,-159.164361,29,7,2006,0,16.8,22.5,0.1729,84.12217328
896995099,"Ursus arctos Linnaeus, 1758",58.763306,-161.301778,29,7,2006,0,16.8,22.5,0.1729,84.12217328
896995069,"Ursus arctos Linnaeus, 1758",58.810417,-159.4745,29,7,2006,0,16.8,22.5,0.1729,84.12217328
891763800,"Ursus arctos horribilis Ord, 1815",63.40677,-150.261385,7,9,2011,76.5,10.9,19,0.0582,94.34612363
891739700,"Ursus arctos Linnaeus, 1758",63.979611,-148.897131,18,5,2008,135.5,9.1,1.5,0.2146,80.68641213
891728417,"Ursus arctos horribilis Ord, 1815",44.702027,-110.58322,30,5,2008,135.5,16.9,17.5,0.2146,80.68641213
891156171,"Ursus arctos horribilis Ord, 1815",43.761883,-110.615413,22,5,2013,119542,15,18.6,0.0826,92.07193613
891153525,"Ursus arctos Linnaeus, 1758",44.485834,-110.218898,13,5,2013,119542,15,18.6,0.0826,92.07193613
891146605,"Ursus arctos horribilis Ord, 1815",44.504604,-110.914261,2,2,2002,0,-2,13.2,0.1612,85.11218297
891103178,"Ursus arctos Linnaeus, 1758",57.001719,-135.216551,12,6,2002,0,22.5,29.6,0.5233,59.25618638
891081575,"Ursus arctos horribilis Ord, 1815",43.893135,-110.464599,13,5,2012,2072.8,12.3,12.6,0.3839,68.11995437
891081114,"Ursus arctos horribilis Ord, 1815",44.861832,-110.6919,2,5,2012,2072.8,12.3,12.6,0.3839,68.11995437
891081110,"Ursus arctos horribilis Ord, 1815",44.72788,-110.937375,4,5,2012,2072.8,12.3,12.6,0.3839,68.11995437
891081104,"Ursus arctos horribilis Ord, 1815",44.617464,-110.916751,6,5,2012,2072.8,12.3,12.6,0.3839,68.11995437
891081012,"Ursus arctos horribilis Ord, 1815",44.603849,-110.621234,10,5,2012,2072.8,12.3,12.6,0.3839,68.11995437
891070431,"Ursus arctos Linnaeus, 1758",44.519175,-110.439313,11,6,2006,17.2,18.1,22.9,0.0792,92.38551349
891069900,"Ursus arctos Linnaeus, 1758",43.870629,-110.578384,12,5,2008,135.5,16.9,24,0.2146,80.68641213
891069886,"Ursus arctos Linnaeus, 1758",43.624525,-110.620684,25,7,2006,25.2,23.8,22.5,0.1726,84.14741372
891069775,"Ursus arctos Linnaeus, 1758",44.711569,-110.20722,7,6,2005,5,16.5,20.9,0.1241,88.32915073
891069705,"Ursus arctos horribilis Ord, 1815",43.801884,-110.5586,10,9,2011,76.5,21.4,19,0.0582,94.34612363
891059941,"Ursus arctos Linnaeus, 1758",63.716564,-149.001732,8,6,2005,17.9,17.7,20.9,0.1241,88.32915073
891030442,"Ursus arctos horribilis Ord, 1815",48.46883,-113.892964,7,6,2007,0,16.4,34.5,0.201,81.79124316
